-0.21,-0.064,253.235,0
-0.411,-0.117,253.652,0
-0.612,-0.171,253.938,0
-0.813,-0.224,253.949,0
-1.014,-0.277,253.872,0
-1.224,-0.341,253.762,0
-1.434,-0.394,253.685,0
-1.645,-0.447,253.641,0
-1.846,-0.512,253.586,0
-2.056,-0.565,253.521,0
-2.276,-0.629,253.477,0
-2.486,-0.682,253.455,0
-2.697,-0.746,253.411,0
-2.926,-0.81,253.378,0
-3.146,-0.874,253.345,0
-3.347,-0.939,253.312,0
-3.567,-0.992,253.257,0
-3.777,-1.056,253.18,0
-3.997,-1.12,253.004,0
-4.227,-1.184,252.784,0
-4.457,-1.259,252.554,0
-4.686,-1.323,252.378,0
-4.897,-1.387,252.268,0
-5.107,-1.451,252.191,0
-5.317,-1.516,252.114,0
-5.518,-1.58,252.015,0
-5.719,-1.633,251.927,0
-5.92,-1.697,251.895,0
-6.14,-1.761,251.862,0
-6.331,-1.826,251.851,0
-6.551,-1.89,251.851,0
-6.752,-1.954,251.873,0
-6.953,-2.019,251.818,0
-7.173,-2.083,251.829,0
-7.365,-2.147,251.851,0
-7.575,-2.211,251.807,0
-7.786,-2.275,251.818,0
-7.986,-2.34,251.829,0
-8.187,-2.404,251.818,0
-8.388,-2.468,251.84,0
-8.589,-2.533,251.829,0
-8.8,-2.597,251.818,0
-9.001,-2.661,251.807,0
-9.211,-2.725,251.807,0
-9.412,-2.79,251.807,0
-9.622,-2.854,251.807,0
-9.814,-2.918,251.796,0
-10.024,-2.982,251.807,0
-10.235,-3.047,251.785,0
-10.445,-3.111,251.774,0
-10.665,-3.175,251.796,0
-10.856,-3.239,251.785,0
-11.048,-3.304,251.763,0
-11.258,-3.368,251.763,0
-11.459,-3.432,251.774,0
-11.67,-3.496,251.763,0
-11.89,-3.572,251.719,0
-12.1,-3.636,251.708,0
-12.32,-3.7,251.697,0
-12.521,-3.764,251.598,0
-12.713,-3.828,251.378,0
-12.913,-3.893,250.994,0
-13.114,-3.957,250.455,0
-13.325,-4.032,249.774,0
-13.536,-4.108,248.961,0
-13.746,-4.183,248.005,0
-13.957,-4.269,246.896,0
-14.168,-4.367,245.544,0
-14.388,-4.464,243.907,0
-14.589,-4.562,241.941,0
-14.771,-4.659,240.073,0
-14.983,-4.779,237.557,0
-15.175,-4.91,234.855,0
-15.367,-5.041,232.042,0
-15.53,-5.183,229.603,0
-15.684,-5.314,226.989,0
-15.838,-5.446,224.275,0
-15.983,-5.599,221.572,0
-16.138,-5.775,218.309,0
-16.292,-5.973,214.926,0
-16.409,-6.16,211.959,0
-16.516,-6.336,208.883,0
-16.622,-6.512,205.84,0
-16.71,-6.7,202.874,0
-16.798,-6.898,199.918,0
-16.867,-7.108,196.886,0
-16.927,-7.329,193.821,0
-16.977,-7.539,190.8,0
-17.017,-7.75,187.789,0
-17.048,-7.971,184.735,0
-17.06,-8.193,181.659,0
-17.072,-8.414,178.583,0
-17.056,-8.636,175.54,0
-17.039,-8.858,172.54,0
-17.013,-9.102,169.651,0
-16.968,-9.324,166.937,0
-16.913,-9.547,164.432,0
-16.849,-9.769,162.136,0
-16.775,-9.991,160.115,0
-16.692,-10.225,158.412,0
-16.608,-10.448,157.072,0
-16.516,-10.671,156.083,0
-16.441,-10.86,155.5,0
-16.339,-11.083,155.039,0
-16.246,-11.316,154.863,0
-16.153,-11.495,154.929,0
-16.079,-11.684,155.116,0
-15.995,-11.874,155.358,0
-15.911,-12.063,155.61,0
-15.828,-12.252,155.874,0
-15.744,-12.442,156.138,0
-15.67,-12.642,156.412,0
-15.586,-12.831,156.687,0
-15.502,-13.032,156.984,0
-15.428,-13.221,157.335,0
-15.345,-13.422,157.72,0
-15.261,-13.633,158.159,0
-15.187,-13.844,158.621,0
-15.113,-14.045,159.104,0
-15.039,-14.245,159.587,0
-14.965,-14.457,160.071,0
-14.882,-14.679,160.565,0
-14.817,-14.891,161.049,0
-14.743,-15.102,161.532,0
-14.679,-15.313,162.004,0
-14.615,-15.525,162.477,0
-14.541,-15.758,162.96,0
-14.477,-15.992,163.444,0
-14.422,-16.214,163.916,0
-14.358,-16.425,164.366,0
-14.293,-16.648,164.806,0
-14.239,-16.892,165.234,0
-14.184,-17.126,165.652,0
-14.13,-17.359,166.069,0
-14.075,-17.581,166.498,0
-14.02,-17.815,166.926,0
-13.966,-18.059,167.366,0
-13.921,-18.304,167.783,0
-13.866,-18.537,168.19,0
-13.821,-18.781,168.574,0
-13.776,-19.026,168.959,0
-13.731,-19.27,169.343,0
-13.696,-19.526,169.739,0
-13.651,-19.77,170.156,0
-13.606,-20.025,170.585,0
-13.571,-20.281,171.002,0
-13.535,-20.536,171.398,0
-13.5,-20.791,171.782,0
-13.465,-21.047,172.156,0
-13.438,-21.247,172.419,0
-13.413,-21.502,172.793,0
-13.386,-21.702,173.079,0
-13.369,-21.901,173.375,0
-13.343,-22.157,173.749,0
-13.327,-22.356,174.012,0
-13.3,-22.556,174.243,0
-13.283,-22.756,174.441,0
-13.267,-23.022,174.65,0
-13.251,-23.277,174.825,0
-13.234,-23.477,174.913,0
-13.217,-23.677,174.979,0
-13.201,-23.932,175.012,0
-13.184,-24.132,175.001,0
-13.167,-24.331,174.957,0
-13.151,-24.586,174.825,0
-13.134,-24.786,174.694,0
-13.118,-25.041,174.54,0
-13.101,-25.241,174.408,0
-13.084,-25.441,174.287,0
-13.058,-25.696,174.067,0
-13.042,-25.951,173.804,0
-13.016,-26.206,173.507,0
-12.99,-26.406,173.254,0
-12.973,-26.606,172.98,0
-12.938,-26.861,172.617,0
-12.921,-27.061,172.343,0
-12.894,-27.261,172.068,0
-12.868,-27.461,171.804,0
-12.842,-27.716,171.442,0
-12.797,-27.971,171.057,0
-12.771,-28.171,170.771,0
-12.745,-28.371,170.486,0
-12.7,-28.626,170.09,0
-12.664,-28.882,169.706,0
-12.628,-29.082,169.409,0
-12.584,-29.337,168.992,0
-12.548,-29.537,168.695,0
-12.512,-29.737,168.398,0
-12.457,-29.993,168.003,0
-12.412,-30.237,167.629,0
-12.358,-30.493,167.3,0
-12.304,-30.748,167.003,0
-12.258,-30.948,166.761,0
-12.204,-31.193,166.454,0
-12.158,-31.393,166.223,0
-12.113,-31.637,165.916,0
-12.068,-31.837,165.696,0
-12.004,-32.082,165.443,0
-11.968,-32.293,165.267,0
-11.904,-32.537,165.059,0
-11.83,-32.793,164.839,0
-11.766,-33.038,164.619,0
-11.721,-33.238,164.454,0
-11.666,-33.438,164.312,0
-11.602,-33.682,164.147,0
-11.528,-33.938,164.037,0
-11.474,-34.194,163.938,0
-11.401,-34.449,163.861,0
-11.327,-34.705,163.839,0
-11.254,-34.95,163.817,0
-11.18,-35.206,163.784,0
-11.116,-35.45,163.762,0
-11.043,-35.706,163.74,0
-10.969,-35.962,163.751,0
-10.905,-36.217,163.751,0
-10.832,-36.473,163.762,0
-10.768,-36.718,163.784,0
-10.694,-36.974,163.795,0
-10.621,-37.229,163.806,0
-10.557,-37.485,163.817,0
-10.483,-37.741,163.817,0
-10.419,-37.985,163.828,0
-10.346,-38.241,163.839,0
-10.282,-38.497,163.872,0
-10.208,-38.741,163.883,0
-10.145,-38.997,163.905,0
-10.071,-39.242,163.927,0
-10.007,-39.498,163.938,0
-9.934,-39.753,163.916,0
-9.87,-40.009,163.872,0
-9.796,-40.265,163.828,0
-9.742,-40.509,163.784,0
-9.668,-40.765,163.762,0
-9.585,-41.021,163.74,0
-9.521,-41.277,163.685,0
-9.448,-41.521,163.597,0
-9.384,-41.777,163.51,0
-9.31,-42.022,163.422,0
-9.246,-42.288,163.378,0
-9.173,-42.544,163.356,0
-9.1,-42.8,163.323,0
-9.026,-43.033,163.257,0
-8.952,-43.289,163.18,0
-8.879,-43.556,163.092,0
-8.806,-43.812,163.026,0
-8.732,-44.068,162.971,0
-8.668,-44.301,162.938,0
-8.595,-44.557,162.883,0
-8.512,-44.813,162.828,0
-8.457,-45.013,162.784,0
-8.383,-45.258,162.719,0
-8.309,-45.502,162.664,0
-8.236,-45.747,162.62,0
-8.162,-46.003,162.576,0
-8.079,-46.259,162.521,0
-8.006,-46.514,162.477,0
-7.942,-46.759,162.433,0
-7.859,-47.004,162.389,0
-7.785,-47.26,162.356,0
-7.702,-47.515,162.334,0
-7.629,-47.76,162.312,0
-7.555,-48.005,162.268,0
-7.472,-48.261,162.235,0
-7.399,-48.505,162.213,0
-7.344,-48.705,162.191,0
-7.261,-48.95,162.169,0
-7.187,-49.206,162.147,0
-7.114,-49.451,162.114,0
-7.031,-49.707,162.092,0
-6.957,-49.951,162.059,0
-6.884,-50.207,162.015,0
-6.8,-50.452,161.971,0
-6.727,-50.697,161.917,0
-6.644,-50.952,161.862,0
-6.57,-51.197,161.84,0
-6.487,-51.453,161.84,0
-6.404,-51.709,161.862,0
-6.34,-51.909,161.895,0
-6.257,-52.154,161.917,0
-6.174,-52.41,161.884,0
-6.091,-52.666,161.785,0
-6.017,-52.91,161.653,0
-5.963,-53.155,161.587,0
-5.879,-53.4,161.598,0
-5.787,-53.644,161.609,0
-5.713,-53.878,161.576,0
-5.64,-54.134,161.499,0
-5.575,-54.334,161.411,0
-5.502,-54.579,161.334,0
-5.428,-54.812,161.345,0
-5.354,-55.057,161.378,0
-5.271,-55.313,161.4,0
-5.207,-55.513,161.411,0
-5.124,-55.769,161.411,0
-5.041,-56.014,161.422,0
-4.958,-56.27,161.433,0
-4.884,-56.514,161.444,0
-4.801,-56.77,161.444,0
-4.728,-57.015,161.455,0
-4.644,-57.26,161.488,0
-4.562,-57.516,161.521,0
-4.478,-57.76,161.543,0
-4.405,-58.016,161.554,0
-4.322,-58.261,161.543,0
-4.239,-58.506,161.576,0
-4.156,-58.751,161.609,0
-4.082,-59.006,161.609,0
-3.999,-59.262,161.609,0
-3.916,-59.507,161.631,0
-3.843,-59.763,161.664,0
-3.76,-60.008,161.697,0
-3.677,-60.263,161.73,0
-3.603,-60.519,161.73,0
-3.52,-60.764,161.73,0
-3.447,-61.02,161.752,0
-3.373,-61.265,161.796,0
-3.29,-61.509,161.84,0
-3.225,-61.71,161.862,0
-3.152,-61.954,161.884,0
-3.069,-62.199,161.895,0
-3.014,-62.399,161.906,0
-2.931,-62.644,161.938,0
-2.857,-62.9,161.971,0
-2.774,-63.145,161.96,0
-2.701,-63.4,161.938,0
-2.627,-63.645,161.927,0
-2.544,-63.901,161.927,0
-2.461,-64.146,161.971,0
-2.387,-64.39,162.026,0
-2.314,-64.646,162.026,0
-2.24,-64.891,161.982,0
-2.167,-65.135,161.96,0
-2.093,-65.391,161.971,0
-2.01,-65.647,162.004,0
-1.937,-65.903,162.037,0
-1.854,-66.148,162.07,0
-1.771,-66.404,162.092,0
-1.697,-66.648,162.114,0
-1.633,-66.848,162.125,0
-1.559,-67.093,162.125,0
-1.486,-67.349,162.158,0
-1.402,-67.594,162.213,0
-1.347,-67.794,162.257,0
-1.264,-68.05,162.312,0
-1.191,-68.306,162.345,0
-1.108,-68.55,162.378,0
-1.044,-68.784,162.411,0
-0.97,-69.04,162.433,0
-0.897,-69.295,162.466,0
-0.814,-69.551,162.532,0
-0.74,-69.796,162.576,0
-0.667,-70.041,162.587,0
-0.593,-70.285,162.598,0
-0.538,-70.485,162.598,0
-0.455,-70.741,162.62,0
-0.382,-70.986,162.653,0
-0.308,-71.231,162.686,0
-0.235,-71.486,162.719,0
-0.161,-71.742,162.751,0
-0.088,-71.998,162.773,0
-0.014,-72.254,162.784,0
0.059,-72.498,162.806,0
0.133,-72.743,162.839,0
0.206,-72.999,162.883,0
0.28,-73.255,162.938,0
0.353,-73.499,162.993,0
0.427,-73.755,163.015,0
0.501,-74,163.026,0
0.574,-74.256,163.07,0
0.647,-74.511,163.136,0
0.721,-74.767,163.213,0
0.794,-75.023,163.268,0
0.868,-75.268,163.29,0
0.941,-75.512,163.323,0
1.005,-75.768,163.345,0
1.079,-76.024,163.378,0
1.152,-76.28,163.411,0
1.226,-76.524,163.411,0
1.299,-76.78,163.4,0
1.373,-77.036,163.378,0
1.437,-77.28,163.345,0
1.492,-77.48,163.323,0
1.565,-77.736,163.312,0
1.639,-77.981,163.301,0
1.712,-78.237,163.301,0
1.786,-78.492,163.29,0
1.859,-78.748,163.257,0
1.933,-79.004,163.213,0
2.006,-79.249,163.18,0
2.07,-79.504,163.158,0
2.144,-79.749,163.147,0
2.199,-79.949,163.158,0
2.272,-80.205,163.169,0
2.346,-80.45,163.169,0
2.41,-80.694,163.158,0
2.483,-80.939,163.147,0
2.557,-81.195,163.136,0
2.63,-81.45,163.125,0
2.704,-81.695,163.158,0
2.777,-81.951,163.202,0
2.851,-82.196,163.224,0
2.924,-82.451,163.235,0
2.998,-82.707,163.235,0
3.071,-82.963,163.213,0
3.135,-83.207,163.213,0
3.209,-83.463,163.213,0
3.282,-83.719,163.224,0
3.356,-83.964,163.224,0
3.429,-84.219,163.235,0
3.484,-84.42,163.246,0
3.558,-84.675,163.246,0
3.631,-84.92,163.246,0
3.705,-85.176,163.246,0
3.769,-85.42,163.257,0
3.824,-85.621,163.257,0
3.897,-85.865,163.268,0
3.971,-86.121,163.279,0
4.044,-86.377,163.301,0
4.108,-86.621,163.312,0
4.182,-86.877,163.312,0
4.255,-87.122,163.301,0
4.329,-87.378,163.323,0
4.393,-87.622,163.323,0
4.466,-87.878,163.334,0
4.54,-88.134,163.323,0
4.613,-88.39,163.312,0
4.687,-88.645,163.29,0
4.76,-88.89,163.257,0
4.834,-89.146,163.213,0
4.898,-89.39,163.158,0
4.971,-89.646,163.092,0
5.045,-89.902,163.048,0
5.118,-90.158,163.015,0
5.192,-90.402,162.993,0
5.265,-90.658,162.949,0
5.339,-90.903,162.894,0
5.412,-91.159,162.817,0
5.486,-91.414,162.751,0
5.559,-91.67,162.686,0
5.633,-91.915,162.642,0
5.706,-92.171,162.609,0
5.789,-92.426,162.554,0
5.863,-92.671,162.488,0
5.936,-92.927,162.422,0
6.009,-93.183,162.367,0
6.093,-93.427,162.312,0
6.166,-93.683,162.268,0
6.24,-93.928,162.235,0
6.313,-94.173,162.224,0
6.396,-94.428,162.213,0
6.47,-94.673,162.213,0
6.543,-94.929,162.224,0
6.626,-95.185,162.257,0
6.7,-95.429,162.301,0
6.773,-95.685,162.323,0
6.856,-95.93,162.345,0
6.93,-96.186,162.367,0
7.003,-96.442,162.4,0
7.077,-96.697,162.455,0
7.16,-96.942,162.521,0
7.233,-97.198,162.576,0
7.307,-97.443,162.631,0
7.38,-97.698,162.686,0
7.454,-97.954,162.74,0
7.537,-98.199,162.795,0
7.61,-98.455,162.861,0
7.684,-98.71,162.927,0
7.757,-98.955,162.982,0
7.831,-99.211,163.026,0
7.904,-99.467,163.07,0
7.978,-99.711,163.125,0
8.051,-99.967,163.169,0
8.115,-100.212,163.191,0
8.189,-100.468,163.18,0
8.262,-100.723,163.136,0
8.336,-100.979,163.081,0
8.409,-101.224,163.004,0
8.483,-101.48,162.927,0
8.556,-101.724,162.85,0
8.63,-101.98,162.773,0
8.703,-102.236,162.708,0
8.777,-102.492,162.642,0
8.86,-102.736,162.587,0
8.933,-102.992,162.532,0
9.007,-103.237,162.499,0
9.08,-103.493,162.488,0
9.154,-103.748,162.499,0
9.237,-103.993,162.488,0
9.31,-104.249,162.477,0
9.384,-104.494,162.466,0
9.467,-104.749,162.444,0
9.54,-104.994,162.433,0
9.614,-105.25,162.433,0
9.687,-105.495,162.444,0
9.77,-105.75,162.444,0
9.844,-106.006,162.422,0
9.927,-106.251,162.4,0
10.001,-106.496,162.378,0
10.074,-106.751,162.345,0
10.147,-107.007,162.323,0
10.231,-107.252,162.279,0
10.304,-107.508,162.224,0
10.378,-107.752,162.147,0
10.451,-107.997,162.059,0
10.534,-108.253,161.971,0
10.608,-108.509,161.906,0
10.691,-108.754,161.862,0
10.774,-109.009,161.818,0
10.847,-109.265,161.741,0
10.93,-109.51,161.664,0
11.004,-109.755,161.565,0
11.087,-110.011,161.499,0
11.16,-110.255,161.455,0
11.234,-110.5,161.455,0
11.326,-110.756,161.455,0
11.409,-111.012,161.422,0
11.493,-111.257,161.389,0
11.566,-111.501,161.356,0
11.64,-111.757,161.345,0
11.723,-112.013,161.378,0
11.806,-112.258,161.411,0
11.889,-112.514,161.433,0
11.962,-112.758,161.466,0
12.045,-113.003,161.499,0
12.1,-113.203,161.521,0
12.183,-113.448,161.565,0
12.267,-113.693,161.609,0
12.35,-113.949,161.653,0
12.423,-114.193,161.686,0
12.497,-114.449,161.719,0
12.58,-114.694,161.741,0
12.663,-114.95,161.763,0
12.736,-115.195,161.774,0
12.819,-115.45,161.774,0
12.893,-115.695,161.763,0
12.976,-115.951,161.719,0
13.049,-116.196,161.697,0
13.132,-116.452,161.675,0
13.206,-116.696,161.664,0
13.289,-116.952,161.653,0
13.372,-117.208,161.642,0
13.455,-117.453,161.631,0
13.538,-117.698,161.609,0
13.612,-117.953,161.587,0
13.695,-118.198,161.543,0
13.768,-118.454,161.488,0
13.851,-118.699,161.477,0
13.925,-118.943,161.499,0
14.008,-119.199,161.532,0
14.091,-119.444,161.554,0
14.174,-119.7,161.521,0
14.257,-119.945,161.488,0
14.331,-120.189,161.466,0
14.414,-120.445,161.477,0
14.497,-120.69,161.51,0
14.58,-120.946,161.532,0
14.653,-121.202,161.554,0
14.736,-121.446,161.587,0
14.819,-121.702,161.609,0
14.902,-121.947,161.62,0
14.985,-122.203,161.631,0
15.059,-122.448,161.642,0
15.133,-122.692,161.686,0
15.215,-122.948,161.763,0
15.289,-123.193,161.84,0
15.363,-123.393,161.906,0
15.437,-123.638,161.971,0
15.51,-123.883,162.004,0
15.584,-124.127,162.026,0
15.667,-124.372,162.059,0
15.712,-124.572,162.081,0
15.795,-124.828,162.136,0
15.879,-125.073,162.213,0
15.952,-125.318,162.257,0
16.035,-125.573,162.235,0
16.09,-125.774,162.18,0
16.173,-126.018,162.092,0
16.247,-126.274,161.993,0
16.32,-126.519,161.895,0
16.394,-126.764,161.84,0
16.486,-127.019,161.785,0
16.56,-127.275,161.697,0
16.643,-127.52,161.62,0
16.717,-127.754,161.554,0
16.8,-127.998,161.488,0
16.883,-128.254,161.444,0
16.966,-128.499,161.444,0
17.049,-128.744,161.4,0
17.104,-128.944,161.356,0
17.187,-129.189,161.334,0
17.27,-129.445,161.389,0
17.344,-129.689,161.455,0
17.427,-129.934,161.488,0
17.491,-130.134,161.51,0
17.574,-130.379,161.532,0
17.657,-130.624,161.554,0
17.721,-130.88,161.62,0
17.804,-131.124,161.697,0
17.887,-131.38,161.719,0
17.97,-131.636,161.708,0
18.054,-131.881,161.653,0
18.127,-132.137,161.576,0
18.201,-132.381,161.532,0
18.284,-132.637,161.499,0
18.357,-132.882,161.488,0
18.44,-133.127,161.466,0
18.523,-133.383,161.433,0
18.606,-133.628,161.378,0
18.689,-133.883,161.345,0
18.763,-134.128,161.323,0
18.846,-134.384,161.323,0
18.929,-134.629,161.323,0
19.012,-134.885,161.345,0
19.095,-135.129,161.356,0
19.169,-135.385,161.367,0
19.252,-135.63,161.4,0
19.335,-135.886,161.422,0
19.418,-136.131,161.444,0
19.491,-136.386,161.466,0
19.574,-136.642,161.499,0
19.657,-136.887,161.532,0
19.731,-137.143,161.576,0
19.814,-137.388,161.609,0
19.897,-137.632,161.653,0
19.97,-137.888,161.675,0
20.054,-138.133,161.697,0
20.137,-138.389,161.73,0
20.21,-138.634,161.763,0
20.293,-138.878,161.807,0
20.367,-139.134,161.84,0
20.45,-139.379,161.862,0
20.505,-139.579,161.873,0
20.588,-139.824,161.884,0
20.661,-140.08,161.884,0
20.744,-140.335,161.884,0
20.827,-140.58,161.873,0
20.901,-140.825,161.84,0
20.984,-141.081,161.785,0
21.058,-141.326,161.73,0
21.131,-141.581,161.697,0
21.205,-141.826,161.697,0
21.297,-142.071,161.719,0
21.38,-142.316,161.697,0
21.454,-142.571,161.653,0
21.537,-142.816,161.62,0
21.62,-143.061,161.598,0
21.684,-143.317,161.576,0
21.767,-143.561,161.576,0
21.85,-143.817,161.587,0
21.923,-144.073,161.609,0
22.007,-144.318,161.664,0
22.09,-144.574,161.708,0
22.173,-144.819,161.719,0
22.246,-145.074,161.741,0
22.329,-145.319,161.785,0
22.403,-145.575,161.84,0
22.486,-145.82,161.906,0
22.569,-146.076,161.971,0
22.642,-146.331,162.015,0
22.725,-146.576,162.059,0
22.799,-146.832,162.092,0
22.872,-147.088,162.136,0
22.955,-147.332,162.191,0
23.029,-147.588,162.246,0
23.112,-147.833,162.29,0
23.185,-148.089,162.323,0
23.259,-148.333,162.345,0
23.332,-148.589,162.334,0
23.416,-148.834,162.334,0
23.489,-149.09,162.334,0
23.562,-149.346,162.345,0
23.646,-149.59,162.356,0
23.719,-149.835,162.356,0
23.802,-150.091,162.334,0
23.876,-150.347,162.29,0
23.949,-150.591,162.246,0
24.032,-150.847,162.224,0
24.106,-151.092,162.202,0
24.179,-151.348,162.18,0
24.262,-151.593,162.169,0
24.336,-151.848,162.136,0
24.409,-152.093,162.103,0
24.492,-152.338,162.059,0
24.566,-152.594,162.015,0
24.649,-152.849,161.971,0
24.722,-153.094,161.927,0
24.805,-153.35,161.895,0
24.879,-153.595,161.862,0
24.962,-153.851,161.818,0
25.045,-154.095,161.785,0
25.119,-154.351,161.741,0
25.202,-154.607,161.719,0
25.285,-154.852,161.719,0
25.358,-155.096,161.708,0
25.432,-155.341,161.675,0
25.515,-155.597,161.631,0
25.598,-155.853,161.609,0
25.671,-156.098,161.609,0
25.754,-156.342,161.631,0
25.838,-156.587,161.642,0
25.921,-156.843,161.631,0
25.994,-157.088,161.587,0
26.077,-157.344,161.554,0
26.16,-157.588,161.532,0
26.234,-157.833,161.521,0
26.317,-158.089,161.51,0
26.4,-158.334,161.488,0
26.473,-158.59,161.455,0
26.556,-158.834,161.411,0
26.639,-159.09,161.389,0
26.723,-159.335,161.356,0
26.796,-159.591,161.345,0
26.879,-159.836,161.345,0
26.962,-160.091,161.334,0
27.045,-160.336,161.323,0
27.128,-160.581,161.301,0
27.202,-160.837,161.29,0
27.285,-161.082,161.323,0
27.358,-161.326,161.367,0
27.441,-161.582,161.4,0
27.525,-161.827,161.433,0
27.589,-162.027,161.455,0
27.672,-162.272,161.477,0
27.746,-162.528,161.532,0
27.829,-162.773,161.587,0
27.912,-163.017,161.631,0
27.995,-163.273,161.653,0
28.068,-163.518,161.664,0
28.151,-163.774,161.675,0
28.225,-164.018,161.675,0
28.308,-164.274,161.697,0
28.381,-164.53,161.719,0
28.465,-164.775,161.73,0
28.548,-165.02,161.73,0
28.621,-165.264,161.741,0
28.704,-165.52,161.741,0
28.778,-165.776,161.752,0
28.861,-166.021,161.763,0
28.944,-166.266,161.785,0
29.017,-166.521,161.796,0
29.1,-166.766,161.796,0
29.174,-167.022,161.796,0
29.257,-167.267,161.796,0
29.33,-167.522,161.818,0
29.414,-167.767,161.84,0
29.487,-168.023,161.873,0
29.57,-168.268,161.895,0
29.653,-168.524,161.906,0
29.727,-168.768,161.906,0
29.791,-168.969,161.906,0
29.865,-169.213,161.906,0
29.948,-169.469,161.917,0
30.021,-169.714,161.938,0
30.104,-169.97,161.96,0
30.187,-170.226,161.993,0
30.261,-170.47,162.004,0
30.335,-170.715,162.015,0
30.418,-170.971,162.026,0
30.491,-171.216,162.026,0
30.574,-171.471,162.048,0
30.648,-171.716,162.059,0
30.721,-171.961,162.081,0
30.804,-172.217,162.114,0
30.878,-172.461,162.147,0
30.942,-172.662,162.169,0
31.025,-172.906,162.18,0
31.099,-173.162,162.18,0
31.172,-173.407,162.18,0
31.246,-173.663,162.191,0
31.319,-173.918,162.213,0
31.402,-174.174,162.235,0
31.476,-174.43,162.246,0
31.559,-174.675,162.257,0
31.633,-174.92,162.279,0
31.715,-175.175,162.29,0
31.799,-175.42,162.29,0
31.872,-175.665,162.268,0
31.946,-175.921,162.235,0
32.019,-176.165,162.224,0
32.102,-176.421,162.224,0
32.176,-176.666,162.235,0
32.249,-176.911,162.224,0
32.332,-177.166,162.191,0
32.406,-177.411,162.147,0
32.479,-177.667,162.125,0
32.562,-177.912,162.125,0
32.636,-178.168,162.136,0
32.719,-178.423,162.125,0
32.802,-178.668,162.103,0
32.875,-178.924,162.059,0
32.949,-179.18,162.015,0
33.032,-179.425,161.993,0
33.106,-179.68,161.96,0
33.188,-179.936,161.949,0
33.272,-180.181,161.927,0
33.345,-180.437,161.906,0
33.428,-180.693,161.884,0
33.502,-180.937,161.851,0
33.585,-181.182,161.807,0
33.668,-181.438,161.785,0
33.741,-181.683,161.774,0
33.824,-181.939,161.763,0
33.907,-182.183,161.752,0
33.981,-182.428,161.73,0
34.064,-182.684,161.708,0
34.147,-182.929,161.697,0
34.221,-183.184,161.675,0
34.304,-183.429,161.653,0
34.387,-183.674,161.631,0
34.46,-183.93,161.62,0
34.543,-184.175,161.609,0
34.617,-184.43,161.598,0
34.7,-184.675,161.576,0
34.783,-184.931,161.554,0
34.856,-185.187,161.554,0
34.939,-185.432,161.587,0
35.022,-185.687,161.664,0
35.096,-185.921,161.73,0
35.179,-186.177,161.785,0
35.262,-186.433,161.829,0
35.345,-186.689,161.895,0
35.428,-186.945,161.96,0
35.492,-187.178,162.037,0
35.575,-187.423,162.114,0
35.649,-187.69,162.169,0
35.732,-187.934,162.224,0
35.805,-188.19,162.279,0
35.879,-188.424,162.323,0
35.962,-188.68,162.334,0
36.035,-188.935,162.345,0
36.109,-189.191,162.345,0
36.192,-189.436,162.345,0
36.266,-189.681,162.356,0
36.339,-189.937,162.367,0
36.422,-190.192,162.389,0
36.495,-190.448,162.389,0
36.569,-190.693,162.389,0
36.652,-190.938,162.356,0
36.726,-191.193,162.301,0
36.799,-191.449,162.246,0
36.882,-191.705,162.191,0
36.956,-191.95,162.125,0
37.039,-192.195,162.059,0
37.112,-192.439,161.982,0
37.195,-192.695,161.895,0
37.269,-192.951,161.796,0
37.352,-193.196,161.719,0
37.425,-193.44,161.631,0
37.508,-193.685,161.554,0
37.573,-193.885,161.499,0
37.647,-194.13,161.444,0
37.73,-194.386,161.422,0
37.813,-194.631,161.411,0
37.896,-194.876,161.411,0
37.969,-195.131,161.389,0
38.062,-195.376,161.367,0
38.135,-195.621,161.323,0
38.218,-195.877,161.301,0
38.302,-196.122,161.29,0
38.385,-196.366,161.29,0
38.44,-196.566,161.301,0
38.523,-196.811,161.301,0
38.606,-197.056,161.29,0
38.689,-197.312,161.246,0
38.772,-197.557,161.191,0
38.855,-197.813,161.147,0
38.938,-198.057,161.115,0
39.012,-198.313,161.093,0
39.095,-198.558,161.104,0
39.178,-198.814,161.093,0
39.261,-199.059,161.071,0
39.344,-199.315,161.038,0
39.427,-199.559,161.016,0
39.51,-199.804,160.994,0
39.593,-200.049,160.972,0
39.676,-200.305,160.972,0
39.759,-200.55,160.983,0
39.833,-200.794,161.016,0
39.916,-201.039,161.049,0
39.999,-201.295,161.115,0
40.082,-201.551,161.169,0
40.165,-201.807,161.235,0
40.248,-202.04,161.312,0
40.331,-202.285,161.4,0
40.414,-202.541,161.477,0
40.479,-202.741,161.532,0
40.552,-202.986,161.609,0
40.635,-203.231,161.675,0
40.709,-203.475,161.741,0
40.792,-203.731,161.796,0
40.875,-203.987,161.851,0
40.958,-204.232,161.906,0
41.032,-204.488,161.938,0
41.115,-204.733,161.96,0
41.188,-204.977,161.982,0
41.243,-205.177,162.004,0
41.326,-205.422,162.037,0
41.4,-205.678,162.07,0
41.483,-205.923,162.092,0
41.556,-206.167,162.103,0
41.639,-206.423,162.114,0
41.713,-206.679,162.103,0
41.796,-206.924,162.114,0
41.869,-207.18,162.125,0
41.953,-207.424,162.125,0
42.026,-207.669,162.125,0
42.1,-207.925,162.114,0
42.183,-208.17,162.103,0
42.256,-208.425,162.114,0
42.339,-208.67,162.125,0
42.413,-208.926,162.136,0
42.496,-209.182,162.136,0
42.569,-209.427,162.125,0
42.643,-209.671,162.114,0
42.726,-209.927,162.103,0
42.799,-210.183,162.103,0
42.882,-210.428,162.114,0
42.956,-210.683,162.125,0
43.039,-210.928,162.136,0
43.112,-211.184,162.136,0
43.186,-211.429,162.147,0
43.269,-211.673,162.158,0
43.343,-211.929,162.18,0
43.426,-212.185,162.191,0
43.499,-212.43,162.202,0
43.573,-212.686,162.213,0
43.656,-212.93,162.224,0
43.729,-213.186,162.246,0
43.812,-213.431,162.257,0
43.886,-213.687,162.257,0
43.959,-213.942,162.257,0
44.042,-214.187,162.257,0
44.116,-214.443,162.279,0
44.199,-214.688,162.312,0
44.272,-214.944,162.334,0
44.355,-215.188,162.345,0
44.429,-215.444,162.345,0
44.502,-215.689,162.367,0
44.557,-215.889,162.378,0
44.631,-216.134,162.4,0
44.714,-216.378,162.433,0
44.788,-216.623,162.455,0
44.871,-216.879,162.455,0
44.944,-217.135,162.444,0
45.018,-217.391,162.422,0
45.091,-217.635,162.4,0
45.174,-217.88,162.378,0
45.248,-218.136,162.367,0
45.303,-218.336,162.345,0
45.376,-218.581,162.334,0
45.459,-218.837,162.334,0
45.533,-219.081,162.301,0
45.616,-219.337,162.268,0
45.689,-219.582,162.246,0
45.763,-219.826,162.224,0
45.846,-220.082,162.202,0
45.929,-220.338,162.18,0
46.003,-220.583,162.136,0
46.076,-220.839,162.092,0
46.159,-221.095,162.07,0
46.233,-221.35,162.07,0
46.316,-221.595,162.059,0
46.389,-221.84,162.048,0
46.472,-222.096,162.015,0
46.546,-222.34,161.971,0
46.629,-222.596,161.938,0
46.702,-222.852,161.949,0
46.785,-223.097,161.949,0
46.868,-223.342,161.949,0
46.942,-223.597,161.927,0
47.025,-223.842,161.884,0
47.089,-224.098,161.851,0
47.172,-224.343,161.862,0
47.245,-224.598,161.884,0
47.329,-224.843,161.906,0
47.402,-225.088,161.927,0
47.485,-225.344,161.927,0
47.568,-225.589,161.927,0
47.642,-225.844,161.96,0
47.715,-226.089,162.004,0
47.798,-226.345,162.037,0
47.872,-226.59,162.059,0
47.945,-226.834,162.081,0
48.028,-227.101,162.114,0
48.111,-227.346,162.169,0
48.185,-227.602,162.224,0
48.268,-227.847,162.257,0
48.351,-228.091,162.268,0
48.415,-228.358,162.246,0
48.498,-228.603,162.224,0
48.571,-228.859,162.224,0
48.645,-229.103,162.235,0
48.719,-229.348,162.235,0
48.811,-229.604,162.213,0
48.885,-229.86,162.18,0
48.968,-230.105,162.114,0
49.032,-230.349,162.07,0
49.115,-230.605,162.048,0
49.198,-230.861,162.037,0
49.271,-231.117,162.015,0
49.354,-231.361,162.004,0
49.428,-231.606,161.971,0
49.511,-231.851,161.938,0
49.584,-232.107,161.906,0
49.667,-232.363,161.884,0
49.741,-232.607,161.895,0
49.824,-232.852,161.917,0
49.898,-233.108,161.938,0
49.981,-233.364,161.949,0
50.064,-233.62,161.949,0
50.137,-233.864,161.96,0
50.211,-234.109,161.982,0
50.294,-234.365,162.015,0
50.377,-234.621,162.048,0
50.45,-234.876,162.07,0
50.533,-235.121,162.081,0
50.607,-235.366,162.092,0
50.68,-235.622,162.125,0
50.763,-235.866,162.169,0
50.837,-236.122,162.202,0
50.92,-236.367,162.224,0
50.993,-236.623,162.235,0
51.067,-236.868,162.246,0
51.15,-237.123,162.268,0
51.223,-237.379,162.312,0
51.297,-237.624,162.356,0
51.38,-237.88,162.378,0
51.454,-238.124,162.389,0
51.527,-238.38,162.378,0
51.61,-238.625,162.367,0
51.684,-238.881,162.356,0
51.757,-239.125,162.356,0
51.831,-239.37,162.356,0
51.914,-239.626,162.345,0
51.987,-239.882,162.334,0
52.07,-240.127,162.312,0
52.144,-240.382,162.268,0
52.227,-240.638,162.224,0
52.3,-240.883,162.191,0
52.374,-241.139,162.158,0
52.457,-241.383,162.147,0
52.53,-241.639,162.125,0
52.613,-241.884,162.114,0
52.687,-242.14,162.092,0
52.77,-242.385,162.07,0
52.843,-242.64,162.048,0
52.927,-242.885,162.048,0
53,-243.141,162.037,0
53.074,-243.386,162.037,0
53.157,-243.641,162.037,0
53.23,-243.886,162.037,0
53.313,-244.142,162.048,0
53.396,-244.387,162.048,0
53.47,-244.643,162.048,0
53.543,-244.887,162.059,0
53.626,-245.143,162.059,0
53.7,-245.388,162.07,0
53.783,-245.644,162.07,0
53.856,-245.888,162.081,0
53.939,-246.144,162.103,0
54.013,-246.389,162.103,0
54.096,-246.645,162.103,0
54.169,-246.901,162.092,0
54.243,-247.145,162.092,0
54.326,-247.39,162.114,0
54.4,-247.646,162.147,0
54.483,-247.902,162.158,0
54.556,-248.157,162.158,0
54.639,-248.402,162.158,0
54.713,-248.647,162.158,0
54.786,-248.892,162.158,0
54.851,-249.092,162.158,0
54.924,-249.348,162.158,0
55.007,-249.592,162.169,0
55.081,-249.837,162.18,0
55.154,-250.093,162.169,0
55.228,-250.349,162.158,0
55.311,-250.593,162.18,0
55.385,-250.838,162.191,0
55.468,-251.094,162.18,0
55.541,-251.339,162.169,0
55.596,-251.539,162.147,0
55.67,-251.784,162.136,0
55.753,-252.039,162.158,0
55.826,-252.284,162.18,0
55.909,-252.529,162.18,0
55.964,-252.729,162.169,0
56.048,-252.974,162.147,0
56.121,-253.23,162.136,0
56.195,-253.474,162.158,0
56.278,-253.719,162.191,0
56.361,-253.975,162.213,0
56.416,-254.175,162.213,0
56.499,-254.42,162.202,0
56.572,-254.665,162.191,0
56.646,-254.909,162.191,0
56.729,-255.165,162.191,0
56.802,-255.421,162.191,0
56.876,-255.666,162.191,0
56.959,-255.921,162.191,0
57.033,-256.166,162.202,0
57.116,-256.422,162.202,0
57.189,-256.667,162.202,0
57.263,-256.911,162.191,0
57.346,-257.167,162.191,0
57.419,-257.423,162.191,0
57.502,-257.668,162.202,0
57.576,-257.924,162.235,0
57.659,-258.168,162.246,0
57.732,-258.424,162.246,0
57.806,-258.669,162.224,0
57.889,-258.925,162.202,0
57.962,-259.181,162.202,0
58.036,-259.436,162.202,0
58.119,-259.681,162.213,0
58.192,-259.937,162.224,0
58.275,-260.193,162.224,0
58.358,-260.449,162.224,0
58.432,-260.693,162.224,0
58.505,-260.938,162.213,0
58.588,-261.194,162.213,0
58.662,-261.45,162.213,0
58.726,-261.694,162.202,0
58.799,-261.95,162.224,0
58.882,-262.195,162.257,0
58.956,-262.439,162.246,0
59.039,-262.695,162.246,0
59.122,-262.94,162.246,0
59.196,-263.185,162.246,0
59.251,-263.385,162.224,0
59.324,-263.63,162.202,0
59.407,-263.885,162.18,0
59.481,-264.13,162.158,0
59.554,-264.386,162.136,0
59.637,-264.642,162.103,0
59.72,-264.887,162.07,0
59.794,-265.142,162.037,0
59.877,-265.387,162.004,0
59.95,-265.643,161.971,0
60.034,-265.888,161.938,0
60.107,-266.144,161.917,0
60.19,-266.399,161.895,0
60.264,-266.644,161.873,0
60.347,-266.889,161.851,0
60.43,-267.145,161.807,0
60.503,-267.389,161.774,0
60.586,-267.634,161.741,0
60.66,-267.89,161.73,0
60.743,-268.146,161.708,0
60.826,-268.391,161.675,0
60.909,-268.647,161.653,0
60.983,-268.891,161.609,0
61.066,-269.136,161.576,0
61.149,-269.392,161.532,0
61.222,-269.637,161.499,0
61.305,-269.892,161.477,0
61.379,-270.137,161.466,0
61.462,-270.382,161.466,0
61.545,-270.638,161.466,0
61.628,-270.883,161.488,0
61.683,-271.083,161.521,0
61.766,-271.328,161.598,0
61.84,-271.572,161.686,0
61.923,-271.817,161.763,0
62.006,-272.073,161.829,0
62.079,-272.329,161.884,0
62.162,-272.573,161.927,0
62.236,-272.829,162.015,0
62.319,-273.074,162.103,0
62.392,-273.33,162.18,0
62.475,-273.575,162.224,0
62.558,-273.83,162.235,0
62.632,-274.075,162.246,0
62.705,-274.331,162.279,0
62.788,-274.587,162.312,0
62.862,-274.831,162.345,0
62.935,-275.087,162.378,0
63.018,-275.343,162.4,0
63.092,-275.588,162.4,0
63.166,-275.844,162.411,0
63.239,-276.088,162.444,0
63.313,-276.333,162.488,0
63.396,-276.589,162.521,0
63.469,-276.845,162.565,0
63.543,-277.1,162.598,0
63.626,-277.345,162.609,0
63.699,-277.59,162.609,0
63.773,-277.846,162.609,0
63.846,-278.101,162.609,0
63.92,-278.346,162.62,0
64.003,-278.602,162.631,0
64.076,-278.858,162.631,0
64.15,-279.102,162.598,0
64.233,-279.358,162.543,0
64.306,-279.603,162.488,0
64.38,-279.859,162.455,0
64.453,-280.103,162.433,0
64.527,-280.359,162.422,0
64.61,-280.604,162.389,0
64.683,-280.86,162.345,0
64.757,-281.104,162.301,0
64.83,-281.36,162.257,0
64.914,-281.605,162.224,0
64.987,-281.861,162.213,0
65.061,-282.105,162.202,0
65.144,-282.361,162.18,0
65.227,-282.617,162.158,0
65.3,-282.862,162.136,0
65.374,-283.118,162.114,0
65.457,-283.362,162.114,0
65.53,-283.618,162.103,0
65.613,-283.874,162.103,0
65.687,-284.119,162.103,0
65.77,-284.375,162.103,0
65.843,-284.619,162.092,0
65.917,-284.875,162.092,0
66,-285.12,162.103,0
66.073,-285.376,162.092,0
66.156,-285.62,162.081,0
66.23,-285.865,162.07,0
66.313,-286.121,162.048,0
66.387,-286.366,162.037,0
66.451,-286.566,162.037,0
66.525,-286.811,162.037,0
66.608,-287.066,162.037,0
66.681,-287.311,162.026,0
66.764,-287.556,162.004,0
66.838,-287.812,161.982,0
66.921,-288.068,161.96,0
66.994,-288.312,161.96,0
67.078,-288.557,161.971,0
67.151,-288.813,161.982,0
67.234,-289.058,161.971,0
67.308,-289.313,161.949,0
67.391,-289.558,161.917,0
67.446,-289.758,161.917,0
67.529,-290.003,161.895,0
67.602,-290.259,161.895,0
67.685,-290.504,161.884,0
67.759,-290.748,161.873,0
67.842,-291.004,161.851,0
67.915,-291.249,161.829,0
67.998,-291.505,161.807,0
68.072,-291.761,161.785,0
68.155,-292.005,161.785,0
68.228,-292.261,161.774,0
68.312,-292.506,161.763,0
68.395,-292.762,161.752,0
68.468,-293.007,161.741,0
68.551,-293.251,161.73,0
68.634,-293.507,161.708,0
68.708,-293.763,161.697,0
68.791,-294.008,161.675,0
68.864,-294.252,161.664,0
68.947,-294.508,161.653,0
69.03,-294.764,161.631,0
69.104,-295.009,161.631,0
69.187,-295.265,161.631,0
69.27,-295.51,161.62,0
69.344,-295.754,161.609,0
69.427,-296.01,161.598,0
69.5,-296.255,161.576,0
69.583,-296.511,161.565,0
69.666,-296.755,161.565,0
69.749,-297.011,161.576,0
69.832,-297.256,161.565,0
69.906,-297.512,161.554,0
69.989,-297.757,161.521,0
70.072,-298.013,161.499,0
70.146,-298.257,161.499,0
70.229,-298.502,161.51,0
70.312,-298.758,161.521,0
70.385,-299.003,161.51,0
70.468,-299.258,161.499,0
70.551,-299.503,161.488,0
70.634,-299.748,161.477,0
70.708,-300.004,161.466,0
70.791,-300.249,161.466,0
70.865,-300.493,161.466,0
70.948,-300.749,161.477,0
71.031,-300.994,161.499,0
71.114,-301.239,161.499,0
71.197,-301.495,161.499,0
71.28,-301.751,161.499,0
71.353,-301.995,161.499,0
71.436,-302.251,161.51,0
71.519,-302.496,161.521,0
71.593,-302.741,161.521,0
71.658,-302.941,161.521,0
71.741,-303.186,161.532,0
71.814,-303.43,161.532,0
71.897,-303.686,161.543,0
71.971,-303.931,161.543,0
72.054,-304.187,161.554,0
72.137,-304.431,161.554,0
72.22,-304.687,161.554,0
72.294,-304.932,161.554,0
72.377,-305.177,161.554,0
72.432,-305.377,161.565,0
72.515,-305.622,161.587,0
72.598,-305.878,161.598,0
72.681,-306.122,161.598,0
72.754,-306.367,161.587,0
72.837,-306.623,161.576,0
72.911,-306.879,161.587,0
72.994,-307.124,161.598,0
73.077,-307.379,161.609,0
73.151,-307.624,161.598,0
73.234,-307.869,161.587,0
73.317,-308.125,161.565,0
73.4,-308.37,161.565,0
73.473,-308.625,161.565,0
73.556,-308.87,161.565,0
73.639,-309.126,161.565,0
73.713,-309.371,161.543,0
73.796,-309.627,161.51,0
73.879,-309.871,161.466,0
73.953,-310.116,161.411,0
74.036,-310.372,161.367,0
74.119,-310.617,161.323,0
74.202,-310.873,161.279,0
74.285,-311.117,161.246,0
74.358,-311.362,161.202,0
74.441,-311.618,161.147,0
74.524,-311.863,161.115,0
74.607,-312.119,161.082,0
74.691,-312.363,161.049,0
74.774,-312.608,161.049,0
74.857,-312.864,161.038,0
74.94,-313.12,161.027,0
75.023,-313.365,161.016,0
75.096,-313.609,161.027,0
75.179,-313.854,161.038,0
75.262,-314.11,161.049,0
75.346,-314.355,161.049,0
75.429,-314.611,161.049,0
75.512,-314.856,161.06,0
75.595,-315.1,161.071,0
75.678,-315.356,161.093,0
75.761,-315.601,161.115,0
75.834,-315.846,161.125,0
75.917,-316.102,161.147,0
76.001,-316.346,161.158,0
76.084,-316.591,161.169,0
76.167,-316.847,161.202,0
76.25,-317.092,161.246,0
76.333,-317.348,161.279,0
76.406,-317.592,161.312,0
76.489,-317.848,161.345,0
76.572,-318.093,161.367,0
76.655,-318.349,161.389,0
76.739,-318.594,161.411,0
76.812,-318.849,161.444,0
76.895,-319.105,161.477,0
76.978,-319.35,161.51,0
77.061,-319.595,161.543,0
77.144,-319.84,161.565,0
77.218,-320.096,161.576,0
77.301,-320.351,161.587,0
77.374,-320.596,161.609,0
77.457,-320.841,161.642,0
77.54,-321.097,161.686,0
77.614,-321.341,161.719,0
77.697,-321.597,161.73,0
77.78,-321.842,161.73,0
77.854,-322.098,161.741,0
77.937,-322.354,161.741,0
78.02,-322.599,161.752,0
78.093,-322.843,161.741,0
78.167,-323.099,161.719,0
78.25,-323.344,161.697,0
78.314,-323.544,161.708,0
78.388,-323.789,161.708,0
78.471,-324.033,161.719,0
78.554,-324.289,161.708,0
78.628,-324.534,161.697,0
78.701,-324.79,161.686,0
78.784,-325.035,161.675,0
78.867,-325.29,161.686,0
78.941,-325.535,161.708,0
79.024,-325.78,161.73,0
79.107,-326.036,161.741,0
79.19,-326.292,161.73,0
79.263,-326.536,161.697,0
79.337,-326.792,161.697,0
79.42,-327.037,161.697,0
79.503,-327.293,161.719,0
79.577,-327.538,161.73,0
79.66,-327.793,161.741,0
79.743,-328.038,161.73,0
79.816,-328.294,161.719,0
79.899,-328.539,161.73,0
79.973,-328.795,161.741,0
80.056,-329.039,161.752,0
80.139,-329.284,161.763,0
80.212,-329.54,161.774,0
80.295,-329.796,161.774,0
80.369,-330.04,161.785,0
80.452,-330.285,161.785,0
80.526,-330.541,161.785,0
80.609,-330.786,161.785,0
80.664,-330.986,161.796,0
80.747,-331.231,161.818,0
80.83,-331.487,161.84,0
80.903,-331.731,161.84,0
80.986,-331.976,161.807,0
81.06,-332.232,161.774,0
81.133,-332.488,161.785,0
81.216,-332.732,161.807,0
81.3,-332.977,161.862,0
81.373,-333.222,161.884,0
81.456,-333.478,161.873,0
81.539,-333.734,161.851,0
81.622,-333.989,161.84,0
81.686,-334.223,161.829,0
81.769,-334.479,161.818,0
81.852,-334.735,161.807,0
81.926,-334.991,161.774,0
82.009,-335.235,161.73,0
82.082,-335.48,161.675,0
82.165,-335.736,161.62,0
82.249,-335.981,161.554,0
82.322,-336.236,161.488,0
82.405,-336.481,161.433,0
82.488,-336.726,161.367,0
82.562,-336.982,161.312,0
82.645,-337.227,161.279,0
82.728,-337.471,161.257,0
82.811,-337.727,161.246,0
82.894,-337.972,161.224,0
82.977,-338.228,161.191,0
83.051,-338.473,161.147,0
83.134,-338.717,161.125,0
83.217,-338.973,161.115,0
83.3,-339.218,161.115,0
83.383,-339.463,161.147,0
83.447,-339.663,161.18,0
83.531,-339.908,161.246,0
83.614,-340.164,161.312,0
83.687,-340.408,161.367,0
83.77,-340.664,161.433,0
83.844,-340.909,161.521,0
83.927,-341.165,161.62,0
84.01,-341.41,161.73,0
84.093,-341.654,161.818,0
84.166,-341.91,161.895,0
84.249,-342.155,161.971,0
84.323,-342.411,162.07,0
84.406,-342.667,162.169,0
84.479,-342.911,162.235,0
84.562,-343.167,162.268,0
84.636,-343.412,162.268,0
84.709,-343.668,162.246,0
84.793,-343.912,162.213,0
84.866,-344.157,162.202,0
84.94,-344.413,162.191,0
85.023,-344.658,162.18,0
85.096,-344.913,162.158,0
85.17,-345.158,162.125,0
85.243,-345.414,162.103,0
85.326,-345.659,162.114,0
85.409,-345.915,162.147,0
85.483,-346.17,162.18,0
85.556,-346.415,162.202,0
85.639,-346.671,162.213,0
85.722,-346.916,162.213,0
85.796,-347.171,162.224,0
85.869,-347.427,162.257,0
85.953,-347.672,162.301,0
86.026,-347.928,162.345,0
86.109,-348.173,162.356,0
86.183,-348.428,162.356,0
86.256,-348.673,162.345,0
86.33,-348.918,162.323,0
86.394,-349.118,162.312,0
86.468,-349.363,162.312,0
86.541,-349.618,162.312,0
86.624,-349.863,162.301,0
86.698,-350.119,162.279,0
86.771,-350.364,162.257,0
86.855,-350.609,162.213,0
86.928,-350.864,162.191,0
86.983,-351.064,162.18,0
87.066,-351.309,162.158,0
87.14,-351.565,162.147,0
87.213,-351.81,162.125,0
87.296,-352.054,162.103,0
87.361,-352.255,162.081,0
87.434,-352.499,162.048,0
87.517,-352.755,162.026,0
87.591,-353,162.004,0
87.674,-353.256,161.982,0
87.748,-353.501,161.949,0
87.83,-353.756,161.917,0
87.904,-354.001,161.884,0
87.987,-354.257,161.862,0
88.061,-354.502,161.84,0
88.144,-354.758,161.807,0
88.217,-355.002,161.763,0
88.3,-355.247,161.697,0
88.374,-355.503,161.62,0
88.457,-355.748,161.554,0
88.53,-356.003,161.488,0
88.613,-356.248,161.433,0
88.696,-356.504,161.389,0
88.78,-356.749,161.334,0
88.863,-357.005,161.29,0
88.936,-357.249,161.257,0
89.019,-357.505,161.246,0
89.102,-357.75,161.257,0
89.185,-358.006,161.268,0
89.268,-358.251,161.29,0
89.351,-358.495,161.29,0
89.425,-358.751,161.279,0
89.508,-358.996,161.268,0
89.591,-359.252,161.235,0
89.674,-359.497,161.224,0
89.757,-359.753,161.213,0
89.831,-359.997,161.202,0
89.914,-360.242,161.202,0
89.997,-360.498,161.191,0
90.08,-360.743,161.18,0
90.163,-360.999,161.169,0
90.246,-361.243,161.158,0
90.329,-361.488,161.18,0
90.412,-361.733,161.202,0
90.486,-361.978,161.213,0
90.569,-362.222,161.224,0
90.643,-362.456,161.246,0
90.716,-362.679,161.268,0
90.781,-362.89,161.29,0
90.855,-363.101,161.312,0
90.919,-363.302,161.323,0
90.993,-363.546,161.334,0
91.067,-363.769,161.367,0
91.141,-363.98,161.378,0
91.205,-364.192,161.389,0
91.27,-364.392,161.411,0
91.343,-364.625,161.433,0
91.417,-364.848,161.455,0
91.491,-365.07,161.477,0
91.565,-365.293,161.488,0
91.629,-365.515,161.51,0
91.694,-365.716,161.521,0
91.758,-365.927,161.543,0
91.832,-366.149,161.576,0
91.896,-366.361,161.598,0
91.961,-366.561,161.609,0
92.025,-366.772,161.631,0
92.099,-366.984,161.642,0
92.164,-367.195,161.675,0
92.228,-367.395,161.697,0
92.293,-367.607,161.708,0
92.357,-367.807,161.752,0
92.422,-368.007,161.796,0
