14.306,-81.811,0,10
14.2455,-81.6205,0,10
14.185,-81.43,0,10
14.1244,-81.2395,0,10
14.0639,-81.049,0,10
14.0034,-80.8585,0,10
13.9429,-80.668,0,10
13.8823,-80.4774,0,10
13.8218,-80.2869,0,10
13.7613,-80.0964,0,10
13.7008,-79.9059,0,10
13.6403,-79.7154,0,10
13.5797,-79.5249,0,10
13.5192,-79.3344,0,10
13.4587,-79.1439,0,10
13.3982,-78.9534,0,10
13.3377,-78.7629,0,10
13.2771,-78.5724,0,10
13.2166,-78.3819,0,10
13.1561,-78.1914,0,10
13.0956,-78.0009,0,10
13.035,-77.8104,0,10
12.9745,-77.6199,0,10
12.914,-77.4293,0,10
12.8535,-77.2388,0,10
12.793,-77.0483,0,10
12.7324,-76.8578,0,10
12.6719,-76.6673,0,10
12.6114,-76.4768,0,10
12.5509,-76.2863,0,10
12.4903,-76.0958,0,10
12.4298,-75.9053,0,10
12.3693,-75.7148,0,10
12.3088,-75.5243,0,10
12.2483,-75.3338,0,10
12.1877,-75.1433,0,10
12.1272,-74.9528,0,10
12.0667,-74.7623,0,10
12.0062,-74.5717,0,10
11.9457,-74.3812,0,10
11.8851,-74.1907,0,10
11.8246,-74.0002,0,10
11.7641,-73.8097,0,10
11.7036,-73.6192,0,10
11.643,-73.4287,0,10
11.5825,-73.2382,0,10
11.522,-73.0477,0,10
11.4615,-72.8572,0,10
11.401,-72.6667,0,10
11.3404,-72.4762,0,10
11.2799,-72.2857,0,10
11.2194,-72.0952,0,10
11.1589,-71.9046,0,10
11.0983,-71.7141,0,10
11.0378,-71.5236,0,10
10.9773,-71.3331,0,10
10.9168,-71.1426,0,10
10.8563,-70.9521,0,10
10.7957,-70.7616,0,10
10.7352,-70.5711,0,10
10.6747,-70.3806,0,10
10.6142,-70.1901,0,10
10.5536,-69.9996,0,10
10.4931,-69.8091,0,10
10.4326,-69.6186,0,10
10.3721,-69.4281,0,10
10.3116,-69.2376,0,10
10.251,-69.0471,0,10
10.1905,-68.8565,0,10
10.13,-68.666,0,10
10.0695,-68.4755,0,10
10.009,-68.285,0,10
9.94843,-68.0945,0,10
9.88791,-67.904,0,10
9.82739,-67.7135,0,10
9.76687,-67.523,0,10
9.70634,-67.3325,0,10
9.64582,-67.142,0,10
9.5853,-66.9515,0,10
9.52478,-66.761,0,10
9.46426,-66.5705,0,10
9.40374,-66.38,0,10
9.34321,-66.1894,0,10
9.28269,-65.9989,0,10
9.22217,-65.8084,0,10
9.16165,-65.6179,0,10
9.10113,-65.4274,0,10
9.04061,-65.2369,0,10
8.98008,-65.0464,0,10
8.91956,-64.8559,0,10
8.85904,-64.6654,0,10
8.79852,-64.4749,0,10
8.738,-64.2844,0,10
8.67747,-64.0939,0,10
8.61695,-63.9034,0,10
8.55643,-63.7129,0,10
8.49591,-63.5224,0,10
8.43539,-63.3318,0,10
8.37487,-63.1413,0,10
8.31434,-62.9508,0,10
8.25382,-62.7603,0,10
8.1933,-62.5698,0,10
8.13278,-62.3793,0,10
8.07226,-62.1888,0,10
8.01173,-61.9983,0,10
7.95121,-61.8078,0,10
7.89069,-61.6173,0,10
7.83017,-61.4268,0,10
7.76965,-61.2363,0,10
7.70913,-61.0458,0,10
7.6486,-60.8553,0,10
7.58808,-60.6648,0,10
7.52756,-60.4743,0,10
7.46704,-60.2837,0,10
7.40652,-60.0932,0,10
7.346,-59.9027,0,10
7.28547,-59.7122,0,10
7.22495,-59.5217,0,10
7.16443,-59.3312,0,10
7.10391,-59.1407,0,10
7.04339,-58.9502,0,10
6.98286,-58.7597,0,10
6.92234,-58.5692,0,10
6.86182,-58.3787,0,10
6.8013,-58.1882,0,10
6.74078,-57.9977,0,10
6.68026,-57.8072,0,10
6.61973,-57.6166,0,10
6.55921,-57.4261,0,10
6.49869,-57.2356,0,10
6.43817,-57.0451,0,10
6.37765,-56.8546,0,10
6.31713,-56.6641,0,10
6.2566,-56.4736,0,10
6.19608,-56.2831,0,10
6.13556,-56.0926,0,10
6.07504,-55.9021,0,10
6.01452,-55.7116,0,10
5.95399,-55.5211,0,10
5.89347,-55.3306,0,10
5.83295,-55.1401,0,10
5.77243,-54.9496,0,10
5.71191,-54.759,0,10
5.65139,-54.5685,0,10
5.59086,-54.378,0,10
5.53034,-54.1875,0,10
5.46982,-53.997,0,10
5.4093,-53.8065,0,10
5.34878,-53.616,0,10
5.28826,-53.4255,0,10
5.22773,-53.235,0,10
5.16721,-53.0445,0,10
5.10669,-52.854,0,10
5.04617,-52.6635,0,10
4.98565,-52.473,0,10
4.92513,-52.2825,0,10
4.8646,-52.092,0,10
4.80408,-51.9014,0,10
4.74356,-51.7109,0,10
4.68304,-51.5204,0,10
4.62252,-51.3299,0,10
4.56199,-51.1394,0,10
4.50147,-50.9489,0,10
4.44095,-50.7584,0,10
4.38043,-50.5679,0,10
4.31991,-50.3774,0,10
4.25938,-50.1869,0,10
4.19886,-49.9964,0,10
4.13834,-49.8059,0,10
4.07782,-49.6154,0,10
4.0173,-49.4249,0,10
3.95678,-49.2344,0,10
3.89625,-49.0438,0,10
3.83573,-48.8533,0,10
3.77521,-48.6628,0,10
3.71469,-48.4723,0,10
3.65417,-48.2818,0,10
3.59365,-48.0913,0,10
3.53312,-47.9008,0,10
3.4726,-47.7103,0,10
3.41208,-47.5198,0,10
3.35156,-47.3293,0,10
3.29104,-47.1388,0,10
3.23051,-46.9483,0,10
3.16999,-46.7578,0,10
3.10947,-46.5673,0,10
3.04895,-46.3768,0,10
2.98843,-46.1862,0,10
2.92791,-45.9957,0,10
2.86738,-45.8052,0,10
2.80686,-45.6147,0,10
2.74634,-45.4242,0,10
2.68582,-45.2337,0,10
2.6253,-45.0432,0,10
2.56478,-44.8527,0,10
2.50425,-44.6622,0,10
2.44373,-44.4717,0,10
2.38321,-44.2812,0,10
2.32269,-44.0907,0,10
2.26217,-43.9002,0,10
2.20164,-43.7097,0,10
2.14112,-43.5191,0,10
2.0806,-43.3286,0,10
2.02008,-43.1381,0,10
1.95956,-42.9476,0,10
1.89904,-42.7571,0,10
1.83851,-42.5666,0,10
1.77799,-42.3761,0,10
1.71747,-42.1856,0,10
1.65695,-41.9951,0,10
1.59643,-41.8046,0,10
1.53591,-41.6141,0,10
1.47538,-41.4236,0,10
1.41486,-41.2331,0,10
1.35434,-41.0426,0,10
1.29382,-40.8521,0,10
1.2333,-40.6616,0,10
1.17277,-40.471,0,10
1.11225,-40.2805,0,10
1.05173,-40.09,0,10
0.99121,-39.8995,0,10
0.930687,-39.709,0,10
0.870165,-39.5185,0,10
0.809644,-39.328,0,10
0.749123,-39.1375,0,10
0.6886,-38.947,0,10
0.628078,-38.7565,0,10
0.567557,-38.566,0,10
0.507035,-38.3755,0,10
0.446513,-38.185,0,10
0.385991,-37.9945,0,10
0.32547,-37.804,0,10
0.264948,-37.6134,0,10
0.204427,-37.4229,0,10
0.143904,-37.2324,0,10
0.083383,-37.0419,0,10
0.0228606,-36.8514,0,10
-0.0376617,-36.6609,0,10
-0.0981828,-36.4704,0,10
-0.158704,-36.2799,0,10
-0.219226,-36.0894,0,10
-0.279749,-35.8989,0,10
-0.34027,-35.7084,0,10
-0.400791,-35.5179,0,10
-0.461313,-35.3274,0,10
-0.521836,-35.1369,0,10
-0.582358,-34.9464,0,10
-0.642878,-34.7558,0,10
-0.7034,-34.5653,0,10
-0.763923,-34.3748,0,10
-0.824445,-34.1843,0,10
-0.884966,-33.9938,0,10
-0.945487,-33.8033,0,10
-1.00601,-33.6128,0,10
-1.06653,-33.4223,0,10
-1.12705,-33.2318,0,10
-1.18757,-33.0413,0,10
-1.2481,-32.8508,0,10
-1.30862,-32.6603,0,10
-1.36914,-32.4698,0,10
-1.42966,-32.2793,0,10
-1.49018,-32.0888,0,10
-1.5507,-31.8982,0,10
-1.61123,-31.7077,0,10
-1.67175,-31.5172,0,10
-1.73227,-31.3267,0,10
-1.79279,-31.1362,0,10
-1.85331,-30.9457,0,10
-1.91384,-30.7552,0,10
-1.97436,-30.5647,0,10
-2.03488,-30.3742,0,10
-2.0954,-30.1837,0,10
-2.15592,-29.9932,0,10
-2.21645,-29.8027,0,10
-2.27697,-29.6122,0,10
-2.33749,-29.4217,0,10
-2.39801,-29.2312,0,10
-2.45853,-29.0406,0,10
-2.51905,-28.8501,0,10
-2.57958,-28.6596,0,10
-2.6401,-28.4691,0,10
-2.70062,-28.2786,0,10
-2.76114,-28.0881,0,10
-2.82166,-27.8976,0,10
-2.88218,-27.7071,0,10
-2.94271,-27.5166,0,10
-3.00323,-27.3261,0,10
-3.06375,-27.1356,0,10
-3.12427,-26.9451,0,10
-3.18479,-26.7546,0,10
-3.24531,-26.5641,0,10
-3.30584,-26.3736,0,10
-3.36636,-26.183,0,10
-3.42688,-25.9925,0,10
-3.4874,-25.802,0,10
-3.54792,-25.6115,0,10
-3.60845,-25.421,0,10
-3.66897,-25.2305,0,10
-3.72949,-25.04,0,10
-3.79001,-24.8495,0,10
-3.85053,-24.659,0,10
-3.91105,-24.4685,0,10
-3.97158,-24.278,0,10
-4.0321,-24.0875,0,10
-4.09262,-23.897,0,10
-4.15314,-23.7065,0,10
-4.21366,-23.516,0,10
-4.27419,-23.3254,0,10
-4.33471,-23.1349,0,10
-4.39523,-22.9444,0,10
-4.45575,-22.7539,0,10
-4.51627,-22.5634,0,10
-4.57679,-22.3729,0,10
-4.63732,-22.1824,0,10
-4.69784,-21.9919,0,10
-4.75836,-21.8014,0,10
-4.81888,-21.6109,0,10
-4.8794,-21.4204,0,10
-4.93992,-21.2299,0,10
-5.00045,-21.0394,0,10
-5.06097,-20.8489,0,10
-5.12149,-20.6584,0,10
-5.18201,-20.4678,0,10
-5.24253,-20.2773,0,10
-5.30306,-20.0868,0,10
-5.36358,-19.8963,0,10
-5.4241,-19.7058,0,10
-5.48462,-19.5153,0,10
-5.54514,-19.3248,0,10
-5.60566,-19.1343,0,10
-5.66619,-18.9438,0,10
-5.72671,-18.7533,0,10
-5.78723,-18.5628,0,10
-5.84775,-18.3723,0,10
-5.90827,-18.1818,0,10
-5.96879,-17.9913,0,10
-6.02932,-17.8008,0,10
-6.08984,-17.6102,0,10
-6.15036,-17.4197,0,10
-6.21088,-17.2292,0,10
-6.2714,-17.0387,0,10
-6.33193,-16.8482,0,10
-6.39245,-16.6577,0,10
-6.45297,-16.4672,0,10
-6.51349,-16.2767,0,10
-6.57401,-16.0862,0,10
-6.63453,-15.8957,0,10
-6.69506,-15.7052,0,10
-6.75558,-15.5147,0,10
-6.8161,-15.3242,339,10
-6.87662,-15.1337,339,10
-6.93714,-14.9432,339,10
-6.99766,-14.7526,339,10
-7.05819,-14.5621,339,10
