59.644,1.641,201.357
59.564,1.454,201.445
59.483,1.268,201.566
59.393,1.081,201.533
59.322,0.883,201.478
59.242,0.696,201.248
59.161,0.510,200.775
59.090,0.312,200.061
59.009,0.114,199.281
58.938,-0.084,198.402
58.857,-0.293,197.413
58.795,-0.502,196.161
58.734,-0.701,194.886
58.672,-0.910,193.557
58.610,-1.119,192.151
58.567,-1.318,190.876
58.524,-1.517,189.547
58.491,-1.716,188.185
58.458,-1.926,186.801
58.424,-2.136,185.427
58.400,-2.357,183.999
58.385,-2.579,182.516
58.371,-2.800,181.044
58.365,-3.033,179.659
58.360,-3.266,178.407
58.364,-3.499,177.330
58.368,-3.710,176.550
58.382,-3.932,175.781
58.387,-4.143,175.243
58.401,-4.343,174.814
58.415,-4.543,174.485
58.429,-4.754,174.276
58.453,-4.954,174.111
58.467,-5.166,173.936
58.491,-5.377,173.705
58.505,-5.577,173.452
58.519,-5.788,173.221
58.543,-5.999,173.035
58.566,-6.211,172.892
58.590,-6.422,172.760
58.604,-6.633,172.672
58.627,-6.856,172.661
58.651,-7.067,172.782
58.674,-7.278,173.046
58.698,-7.501,173.342
58.721,-7.712,173.617
58.735,-7.934,173.881
58.749,-8.157,174.166
58.763,-8.368,174.540
58.786,-8.590,175.001
58.800,-8.812,175.529
58.804,-9.034,176.078
58.818,-9.257,176.638
58.823,-9.467,177.220
58.827,-9.689,177.814
58.831,-9.911,178.418
58.836,-10.133,179.022
58.830,-10.355,179.604
58.825,-10.577,180.176
58.820,-10.788,180.747
58.815,-11.009,181.362
58.800,-11.231,181.956
58.795,-11.453,182.516
58.780,-11.674,183.076
58.756,-11.896,183.680
58.742,-12.117,184.285
58.717,-12.338,184.900
58.693,-12.571,185.504
58.659,-12.792,186.119
58.636,-12.991,186.636
58.602,-13.212,187.240
58.568,-13.444,187.833
58.534,-13.677,188.438
58.501,-13.876,188.921
58.457,-14.108,189.492
58.414,-14.339,190.052
58.361,-14.571,190.547
58.328,-14.770,190.920
58.285,-14.969,191.250
58.242,-15.168,191.569
58.190,-15.366,191.876
58.137,-15.598,192.250
58.085,-15.796,192.557
58.033,-15.995,192.854
57.990,-16.193,193.173
57.938,-16.392,193.502
57.886,-16.601,193.843
57.833,-16.800,194.172
57.772,-16.998,194.513
57.719,-17.197,194.810
57.658,-17.395,195.139
57.606,-17.593,195.469
57.544,-17.792,195.798
57.482,-17.990,196.139
57.421,-18.188,196.469
57.359,-18.398,196.787
57.287,-18.596,197.106
57.226,-18.794,197.424
57.155,-18.992,197.743
57.083,-19.190,198.062
57.012,-19.388,198.391
56.941,-19.586,198.721
56.870,-19.784,199.061
56.799,-19.982,199.391
56.728,-20.180,199.720
56.647,-20.389,200.028
56.566,-20.587,200.358
56.486,-20.774,200.698
56.414,-20.972,201.028
56.334,-21.169,201.324
56.253,-21.367,201.577
56.163,-21.565,201.808
56.082,-21.751,202.028
56.002,-21.938,202.236
55.912,-22.136,202.445
55.831,-22.334,202.665
55.751,-22.520,202.885
55.661,-22.707,203.104
55.571,-22.893,203.302
55.490,-23.091,203.467
55.400,-23.278,203.632
55.310,-23.464,203.785
55.220,-23.651,203.917
55.140,-23.837,204.027
55.040,-24.057,204.159
54.930,-24.276,204.269
54.840,-24.463,204.357
54.731,-24.671,204.467
54.650,-24.858,204.587
54.550,-25.066,204.741
54.441,-25.274,204.961
54.341,-25.483,205.367
54.232,-25.691,205.994
54.132,-25.888,206.730
54.022,-26.097,207.510
53.913,-26.294,208.290
53.814,-26.480,209.092
53.705,-26.666,209.927
53.587,-26.852,210.839
53.478,-27.027,211.772
53.360,-27.202,212.761
53.232,-27.398,213.992
53.094,-27.584,215.310
52.966,-27.758,216.716
52.829,-27.933,218.199
52.692,-28.096,219.694
52.556,-28.259,221.199
52.409,-28.411,222.781
52.264,-28.552,224.407
52.108,-28.703,226.329
51.933,-28.855,228.263
51.768,-28.995,230.240
51.594,-29.135,232.229
51.420,-29.253,234.218
51.246,-29.371,236.140
51.073,-29.478,237.997
50.890,-29.585,239.875
50.687,-29.691,241.985
50.485,-29.797,244.105
50.284,-29.881,246.138
50.092,-29.954,247.906
49.890,-30.038,249.708
49.699,-30.100,251.268
49.479,-30.162,253.015
49.268,-30.223,254.916
49.067,-30.274,256.718
48.867,-30.303,258.453
48.667,-30.342,260.189
48.466,-30.371,261.947
48.266,-30.388,263.716
48.066,-30.406,265.474
47.857,-30.412,267.297
47.648,-30.418,269.165
47.439,-30.413,271.000
47.230,-30.408,272.769
47.012,-30.392,274.362
46.803,-30.365,275.746
46.585,-30.338,276.932
46.377,-30.300,277.943
46.169,-30.262,278.833
45.951,-30.234,279.668
45.733,-30.185,280.481
45.516,-30.146,281.272
45.298,-30.097,282.162
45.100,-30.048,282.920
44.901,-29.999,283.645
44.703,-29.950,284.348
44.505,-29.890,285.095
44.297,-29.829,285.875
44.099,-29.769,286.611
43.891,-29.698,287.281
43.684,-29.626,287.875
43.476,-29.555,288.402
43.288,-29.484,288.864
43.071,-29.401,289.336
42.864,-29.330,289.720
42.676,-29.248,290.017
42.487,-29.177,290.292
42.299,-29.106,290.511
42.111,-29.024,290.676
41.922,-28.953,290.797
41.725,-28.870,290.885
41.536,-28.788,290.918
41.338,-28.717,290.907
41.150,-28.635,290.896
40.953,-28.553,290.885
40.755,-28.470,290.852
40.557,-28.388,290.797
40.360,-28.306,290.731
40.162,-28.223,290.665
39.964,-28.152,290.588
39.766,-28.081,290.490
39.559,-27.999,290.380
39.361,-27.916,290.281
39.154,-27.845,290.182
38.956,-27.763,290.083
38.749,-27.680,289.973
38.542,-27.597,289.874
38.334,-27.526,289.775
38.127,-27.444,289.677
37.920,-27.361,289.600
37.712,-27.290,289.545
37.505,-27.207,289.512
37.298,-27.125,289.446
37.081,-27.042,289.402
36.874,-26.970,289.424
36.667,-26.888,289.490
36.450,-26.794,289.567
36.234,-26.722,289.633
36.026,-26.640,289.698
35.810,-26.557,289.753
35.602,-26.475,289.808
35.386,-26.392,289.874
35.169,-26.309,289.929
34.962,-26.227,289.995
34.745,-26.144,290.061
34.538,-26.050,290.116
34.322,-25.967,290.193
34.114,-25.896,290.270
33.907,-25.814,290.347
33.700,-25.731,290.413
33.493,-25.637,290.468
33.286,-25.555,290.533
33.079,-25.472,290.599
32.871,-25.390,290.665
32.664,-25.307,290.742
32.457,-25.225,290.797
32.250,-25.142,290.841
32.052,-25.060,290.896
31.845,-24.977,290.951
31.647,-24.895,291.017
31.440,-24.813,291.061
31.243,-24.730,291.072
31.045,-24.648,291.083
30.847,-24.566,291.116
30.650,-24.483,291.127
30.452,-24.401,291.116
30.254,-24.319,291.149
30.057,-24.237,291.160
29.859,-24.165,291.182
29.670,-24.083,291.182
29.482,-24.001,291.193
29.294,-23.919,291.204
29.106,-23.848,291.204
28.917,-23.766,291.193
28.729,-23.684,291.204
28.513,-23.601,291.215
28.306,-23.508,291.248
28.099,-23.425,291.259
27.891,-23.343,291.259
27.684,-23.249,291.259
27.477,-23.166,291.259
27.270,-23.084,291.281
27.063,-22.990,291.324
26.866,-22.908,291.478
26.658,-22.825,291.786
26.461,-22.743,292.247
26.263,-22.650,292.874
26.075,-22.568,293.654
25.878,-22.474,294.500
25.690,-22.381,295.400
25.511,-22.288,296.367
25.323,-22.195,297.411
25.145,-22.091,298.531
24.967,-21.987,299.696
24.770,-21.871,301.102
24.602,-21.757,302.377
24.415,-21.630,303.849
24.246,-21.515,305.189
24.069,-21.378,306.859
23.910,-21.252,308.408
23.733,-21.104,310.287
23.566,-20.956,312.275
23.408,-20.797,314.330
23.269,-20.649,316.187
23.120,-20.479,318.395
22.972,-20.309,320.647
22.844,-20.118,322.921
22.715,-19.937,325.239
22.605,-19.768,327.217
22.486,-19.577,329.480
22.386,-19.375,331.765
22.277,-19.172,334.039
22.186,-18.971,336.324
22.106,-18.769,338.610
22.034,-18.579,340.532
21.972,-18.367,342.609
21.911,-18.154,344.729
21.859,-17.942,346.860
21.817,-17.719,348.849
21.784,-17.497,350.793
21.751,-17.285,352.782
21.736,-17.085,354.463
21.723,-16.863,356.342
21.709,-16.641,358.176
21.714,-16.419,359.868
21.719,-16.208,1.384
21.734,-15.987,2.791
21.749,-15.754,4.076
21.773,-15.533,5.317
21.796,-15.334,6.405
21.830,-15.135,7.482
21.863,-14.936,8.602
21.896,-14.737,9.701
21.939,-14.538,10.778
21.982,-14.328,11.887
22.024,-14.130,13.041
22.077,-13.920,14.161
22.139,-13.711,15.216
22.201,-13.501,16.172
22.263,-13.292,17.018
22.344,-13.072,17.820
22.415,-12.852,18.578
22.496,-12.643,19.292
22.578,-12.423,19.951
22.649,-12.225,20.479
22.729,-12.027,20.962
22.810,-11.840,21.412
22.891,-11.643,21.742
22.971,-11.445,21.918
23.061,-11.247,21.995
23.152,-11.038,22.028
23.232,-10.841,22.017
23.323,-10.632,22.006
23.413,-10.423,21.984
23.504,-10.215,21.951
23.594,-10.006,21.918
23.675,-9.819,21.896
23.765,-9.611,21.863
23.856,-9.391,21.830
23.956,-9.171,21.808
24.047,-8.951,21.797
24.147,-8.732,21.775
24.238,-8.512,21.764
24.318,-8.325,21.764
24.409,-8.106,21.731
24.489,-7.908,21.687
24.570,-7.721,21.654
24.650,-7.534,21.632
24.731,-7.348,21.621
24.811,-7.161,21.588
24.892,-6.963,21.566
24.972,-6.776,21.555
25.053,-6.590,21.522
25.133,-6.392,21.500
25.214,-6.205,21.489
25.294,-6.018,21.478
25.375,-5.821,21.467
25.455,-5.634,21.445
25.536,-5.447,21.412
25.607,-5.249,21.401
25.697,-5.063,21.401
25.777,-4.865,21.401
25.858,-4.678,21.401
25.929,-4.480,21.401
26.009,-4.293,21.390
26.100,-4.096,21.390
26.180,-3.909,21.390
26.261,-3.711,21.379
26.341,-3.525,21.368
26.422,-3.327,21.346
26.502,-3.129,21.313
26.583,-2.942,21.281
26.664,-2.744,21.259
26.754,-2.547,21.226
26.834,-2.349,21.204
26.915,-2.151,21.182
26.996,-1.953,21.182
27.076,-1.756,21.193
27.157,-1.569,21.171
27.238,-1.371,21.127
27.318,-1.173,21.083
27.399,-0.987,21.050
27.489,-0.789,21.061
27.560,-0.591,21.050
27.641,-0.393,21.028
27.721,-0.206,21.006
27.802,-0.009,20.973
27.882,0.189,20.951
27.963,0.376,20.929
28.044,0.574,20.885
28.124,0.772,20.863
28.215,1.002,20.819
28.296,1.200,20.797
28.376,1.387,20.797
28.457,1.585,20.797
28.528,1.783,20.764
28.609,1.970,20.742
28.689,2.167,20.720
28.770,2.365,20.720
28.850,2.552,20.709
28.931,2.750,20.698
29.011,2.936,20.698
29.083,3.134,20.720
29.163,3.332,20.753
29.244,3.530,20.797
29.324,3.717,20.841
29.405,3.915,20.874
29.486,4.112,20.907
29.566,4.310,20.940
29.647,4.508,20.962
29.737,4.695,21.028
29.808,4.893,21.083
29.889,5.090,21.149
29.970,5.288,21.215
30.060,5.486,21.281
30.140,5.684,21.357
30.221,5.870,21.434
30.301,6.068,21.522
30.382,6.277,21.621
30.463,6.475,21.720
30.553,6.661,21.797
30.633,6.848,21.874
30.714,7.046,21.962
30.795,7.233,22.050
30.885,7.441,22.170
30.965,7.628,22.258
31.046,7.815,22.324
31.126,8.001,22.368
31.216,8.199,22.412
31.306,8.386,22.445
31.387,8.572,22.500
31.467,8.759,22.577
31.548,8.946,22.643
31.628,9.132,22.709
31.718,9.330,22.753
31.818,9.550,22.819
31.899,9.736,22.852
31.999,9.956,22.874
32.079,10.143,22.874
32.189,10.362,22.830
32.270,10.549,22.764
32.370,10.768,22.687
32.470,10.988,22.643
32.561,11.207,22.632
32.641,11.394,22.588
32.741,11.603,22.511
32.821,11.789,22.434
32.922,12.009,22.368
33.012,12.218,22.335
33.092,12.404,22.291
33.183,12.624,22.203
33.283,12.832,22.104
33.364,13.019,22.017
33.454,13.228,21.951
33.545,13.448,21.896
33.645,13.656,21.841
33.735,13.876,21.753
33.826,14.085,21.654
33.916,14.304,21.588
34.007,14.513,21.478
34.098,14.733,21.357
34.188,14.941,21.248
34.278,15.150,21.149
34.360,15.370,21.050
34.450,15.579,20.940
34.541,15.787,20.819
34.621,15.996,20.720
34.712,16.216,20.621
34.793,16.414,20.511
34.874,16.623,20.424
34.955,16.832,20.314
35.036,17.041,20.226
35.116,17.238,20.149
35.197,17.436,20.061
35.278,17.645,19.973
35.359,17.843,19.874
35.439,18.041,19.775
35.510,18.239,19.698
35.591,18.437,19.633
35.662,18.635,19.534
35.753,18.854,19.435
35.834,19.074,19.336
35.905,19.272,19.259
35.987,19.492,19.160
36.077,19.712,19.039
36.159,19.932,18.929
36.240,20.152,18.787
36.311,20.372,18.534
36.393,20.592,18.149
36.474,20.801,17.644
36.545,21.021,17.029
36.617,21.231,16.282
36.679,21.440,15.447
36.750,21.660,14.579
36.803,21.870,13.678
36.865,22.090,12.722
36.917,22.300,11.755
36.961,22.521,10.778
37.013,22.730,9.800
37.046,22.940,8.756
37.089,23.150,7.701
37.123,23.371,6.658
37.147,23.581,5.603
37.181,23.802,4.515
37.195,24.013,3.417
37.219,24.223,2.296
37.224,24.445,1.198
37.229,24.656,0.055
37.244,24.877,358.879
37.240,25.099,357.715
37.235,25.321,356.605
37.222,25.543,355.485
37.208,25.765,354.309
37.194,25.988,353.090
37.180,26.210,351.903
37.147,26.433,350.793
37.114,26.644,349.673
37.082,26.867,348.486
37.039,27.090,347.311
36.997,27.301,346.146
36.945,27.525,344.982
36.893,27.748,343.762
36.832,27.971,342.554
36.770,28.183,341.378
36.699,28.407,340.214
36.628,28.619,339.027
36.548,28.832,337.764
36.476,29.022,336.566
36.396,29.235,335.039
36.296,29.448,333.380
36.196,29.650,331.721
36.105,29.830,330.337
36.015,30.009,328.964
35.896,30.212,327.404
35.777,30.403,325.964
35.667,30.583,324.811
35.538,30.775,323.492
35.391,30.967,322.240
35.252,31.148,321.021
35.133,31.317,319.933
34.985,31.498,318.647
34.827,31.668,317.362
34.698,31.826,316.274
34.540,31.997,315.077
34.383,32.156,313.945
34.243,32.303,313.033
34.076,32.462,312.023
33.909,32.611,311.056
33.741,32.770,310.155
33.574,32.918,309.276
33.406,33.066,308.397
33.229,33.203,307.595
33.061,33.340,306.859
32.902,33.466,306.222
32.734,33.592,305.497
32.557,33.730,304.750
32.379,33.856,304.014
32.201,33.982,303.333
32.024,34.108,302.673
31.836,34.223,302.025
31.659,34.350,301.399
31.471,34.465,300.762
31.293,34.580,300.135
31.106,34.684,299.531
30.918,34.800,299.026
30.740,34.915,298.521
30.553,35.019,297.993
30.365,35.112,297.455
30.177,35.217,296.949
29.999,35.321,296.510
29.821,35.413,296.125
29.633,35.507,295.752
29.454,35.600,295.345
29.276,35.693,294.928
29.088,35.786,294.598
28.891,35.879,294.324
28.693,35.972,294.038
28.515,36.065,293.807
28.308,36.159,293.621
28.101,36.253,293.522
27.894,36.346,293.500
27.706,36.439,293.478
27.518,36.521,293.489
27.339,36.614,293.489
27.142,36.697,293.478
26.944,36.790,293.467
26.737,36.884,293.445
26.521,36.989,293.412
26.333,37.071,293.412
26.136,37.164,293.401
25.938,37.246,293.390
25.741,37.351,293.379
25.534,37.444,293.379
25.318,37.538,293.390
25.101,37.643,293.368
24.885,37.737,293.335
24.697,37.830,293.313
24.509,37.912,293.280
24.321,37.994,293.247
24.133,38.088,293.192
23.935,38.181,293.115
23.738,38.274,293.027
23.531,38.357,292.950
23.333,38.450,292.874
23.127,38.544,292.786
22.929,38.626,292.687
22.722,38.720,292.588
22.525,38.813,292.500
22.318,38.907,292.423
22.110,38.989,292.335
21.904,39.083,292.225
21.697,39.176,292.137
21.489,39.259,292.050
21.283,39.353,291.940
21.076,39.446,291.819
20.859,39.529,291.709
20.652,39.623,291.632
20.436,39.716,291.533
20.228,39.799,291.445
20.012,39.893,291.357
19.795,39.975,291.292
19.579,40.069,291.237
19.362,40.152,291.149
19.155,40.246,291.006
18.939,40.340,290.885
18.732,40.433,290.808
18.525,40.516,290.852
18.308,40.598,290.962
18.101,40.681,291.094
17.894,40.763,291.215
17.696,40.846,291.346
17.489,40.928,291.478
17.282,41.022,291.676
17.084,41.104,291.929
16.887,41.186,292.203
16.699,41.269,292.467
16.492,41.362,292.720
16.303,41.444,292.961
16.106,41.538,293.203
15.918,41.620,293.478
15.730,41.713,293.785
15.542,41.795,294.159
15.354,41.888,294.587
15.175,41.981,295.049
14.987,42.063,295.499
14.809,42.156,295.950
14.630,42.249,296.400
14.452,42.342,296.862
14.246,42.458,297.444
14.039,42.562,298.004
13.842,42.678,298.542
13.645,42.794,299.059
13.448,42.909,299.553
13.261,43.024,300.081
13.074,43.140,300.619
12.877,43.266,301.157
12.699,43.382,301.707
12.512,43.497,302.234
12.334,43.612,302.794
12.165,43.727,303.387
11.988,43.853,303.948
11.819,43.968,304.420
11.651,44.094,304.783
11.483,44.220,305.079
11.296,44.357,305.409
11.128,44.483,305.662
10.941,44.621,305.892
10.764,44.758,306.068
10.605,44.884,306.189
10.418,45.022,306.266
10.241,45.159,306.277
10.064,45.296,306.211
9.886,45.433,306.035
9.718,45.559,305.793
9.541,45.697,305.519
9.373,45.823,305.244
9.204,45.949,304.915
9.027,46.075,304.486
8.858,46.190,304.003
8.690,46.316,303.530
8.522,46.431,303.058
8.335,46.557,302.377
8.148,46.684,301.608
7.970,46.799,300.817
7.792,46.903,300.070
7.595,47.018,299.246
7.407,47.134,298.400
7.220,47.238,297.686
7.032,47.342,297.191
6.844,47.446,296.686
6.657,47.551,296.125
6.459,47.644,295.675
6.262,47.748,295.323
6.065,47.842,294.928
5.886,47.935,294.653
5.698,48.028,294.609
5.510,48.110,294.664
5.332,48.203,294.620
5.144,48.296,294.664
4.956,48.378,294.895
4.777,48.471,295.126
4.599,48.564,295.389
4.401,48.657,295.939
4.223,48.750,296.521
4.045,48.843,297.070
3.857,48.948,297.554
3.669,49.052,297.740
3.491,49.156,297.729
3.313,49.249,297.631
3.125,49.353,297.543
2.937,49.457,297.444
2.759,49.561,297.312
2.572,49.666,297.202
2.384,49.770,297.103
2.196,49.874,296.938
2.008,49.967,296.785
1.830,50.060,296.565
1.642,50.164,296.323
1.464,50.257,296.191
1.286,50.350,295.928
1.098,50.444,295.477
0.919,50.536,294.972
0.731,50.619,294.423
0.553,50.711,293.884
0.364,50.794,293.291
0.176,50.876,292.753
-0.012,50.958,292.478
-0.200,51.040,292.489
-0.388,51.133,292.511
-0.576,51.215,292.566
-0.764,51.297,292.357
-0.953,51.379,292.072
-1.141,51.461,291.786
-1.329,51.543,291.555
-1.527,51.626,291.335
-1.724,51.708,291.116
-1.922,51.790,290.863
-2.120,51.873,290.566
-2.317,51.955,290.358
-2.506,52.026,290.292
-2.694,52.097,290.171
-2.892,52.179,290.028
-3.080,52.250,289.984
-3.268,52.332,289.995
-3.457,52.403,290.105
-3.645,52.474,290.336
-3.834,52.545,290.632
-4.031,52.627,291.127
-4.220,52.710,291.500
-4.408,52.792,291.907
-4.596,52.874,292.280
-4.784,52.956,292.544
-4.972,53.038,292.577
-5.160,53.120,292.643
-5.349,53.202,292.610
-5.537,53.284,292.489
-5.725,53.366,292.028
-5.913,53.459,291.248
-6.101,53.530,290.632
-6.289,53.612,289.951
-6.478,53.683,289.116
-6.676,53.755,287.798
-6.874,53.815,285.831
-7.072,53.875,283.678
-7.280,53.924,281.206
-7.488,53.973,278.009
-7.687,54.000,274.592
-7.905,54.016,270.747
-8.114,54.021,266.451
-8.333,54.015,261.793
-8.533,53.987,257.300
-8.744,53.936,252.015
-8.945,53.874,246.522
-9.137,53.779,241.150
-9.330,53.673,235.173
-9.494,53.554,229.493
-9.649,53.425,223.220
-9.786,53.273,216.991
-9.913,53.109,210.081
-10.012,52.934,203.599
-10.093,52.747,196.985
-10.155,52.538,190.217
-10.188,52.339,183.494
-10.202,52.129,176.836
-10.188,51.929,170.211
-10.155,51.728,163.729
-10.083,51.527,157.709
-10.002,51.325,152.303
-9.902,51.145,147.096
-9.792,50.965,142.515
-9.663,50.796,138.439
-9.524,50.637,134.824
-9.385,50.490,131.627
-9.236,50.353,129.067
-9.078,50.227,126.958
-8.919,50.102,125.299
-8.751,49.976,124.025
-8.583,49.850,123.234
-8.405,49.734,122.596
-8.237,49.620,122.058
-8.059,49.504,121.586
-7.890,49.390,121.443
-7.703,49.274,121.454
-7.525,49.159,121.619
-7.347,49.044,121.750
-7.169,48.918,121.816
-6.992,48.803,121.388
-6.804,48.687,120.377
-6.626,48.572,119.048
-6.448,48.479,117.554
-6.260,48.375,115.994
-6.082,48.282,114.478
-5.894,48.189,112.961
-5.706,48.107,111.445
-5.517,48.036,109.973
-5.329,47.954,109.160
-5.141,47.883,108.973
-4.952,47.812,109.149
-4.764,47.741,109.709
-4.575,47.670,110.127
