-2.934,47.143,111.379
-2.745,47.072,111.072
-2.557,46.990,110.753
-2.360,46.908,110.457
-2.162,46.825,110.061
-1.973,46.755,109.709
-1.776,46.672,109.446
-1.578,46.601,109.281
-1.380,46.519,109.215
-1.192,46.448,109.204
-0.994,46.376,109.303
-0.805,46.306,109.457
-0.617,46.235,109.644
-0.419,46.152,109.874
-0.212,46.070,110.160
-0.024,45.999,110.391
0.164,45.917,110.643
0.362,45.845,110.929
0.569,45.752,111.215
0.777,45.669,111.544
0.983,45.576,111.929
1.172,45.494,112.269
1.360,45.412,112.654
1.548,45.329,113.060
1.745,45.236,113.478
1.943,45.154,113.862
2.150,45.049,114.214
2.357,44.955,114.576
2.554,44.851,114.983
2.770,44.746,115.389
2.977,44.641,115.807
3.155,44.548,116.147
3.333,44.455,116.488
3.521,44.351,116.851
3.699,44.258,117.202
3.878,44.154,117.554
4.056,44.050,117.916
4.244,43.957,118.301
4.431,43.842,118.685
4.619,43.737,119.048
4.797,43.633,119.399
4.984,43.518,119.751
5.172,43.403,120.135
5.359,43.287,120.520
5.546,43.172,120.905
5.743,43.045,121.289
5.930,42.930,121.685
6.127,42.803,122.058
6.314,42.677,122.410
6.511,42.550,122.706
6.698,42.413,122.959
6.894,42.275,123.168
7.091,42.148,123.333
7.287,42.011,123.453
7.483,41.873,123.541
7.680,41.735,123.574
7.848,41.620,123.585
8.045,41.483,123.552
8.250,41.334,123.497
8.456,41.196,123.409
8.662,41.047,123.322
8.830,40.932,123.245
9.036,40.794,123.135
9.204,40.679,123.014
9.373,40.553,122.838
9.550,40.438,122.640
9.719,40.323,122.399
9.887,40.208,122.124
10.065,40.093,121.838
10.243,39.978,121.531
10.411,39.863,121.234
10.589,39.748,120.927
10.767,39.633,120.619
10.945,39.517,120.322
11.123,39.413,120.037
11.301,39.298,119.740
11.479,39.194,119.432
11.667,39.090,119.125
11.845,38.986,118.795
12.032,38.871,118.477
12.248,38.743,118.048
12.436,38.639,117.719
12.623,38.535,117.389
12.802,38.431,117.048
12.989,38.327,116.719
13.177,38.234,116.411
13.365,38.140,116.104
13.553,38.036,115.796
13.741,37.943,115.488
13.928,37.839,115.181
14.116,37.746,114.906
14.314,37.652,114.675
14.501,37.559,114.500
14.689,37.466,114.346
14.877,37.373,114.192
15.075,37.290,114.016
15.263,37.197,113.818
15.451,37.104,113.610
15.639,37.022,113.434
15.817,36.929,113.269
16.006,36.847,113.115
16.193,36.754,112.972
16.382,36.672,112.852
16.570,36.590,112.742
16.795,36.484,112.621
16.993,36.402,112.500
17.181,36.320,112.390
17.407,36.215,112.247
17.595,36.133,112.137
17.821,36.039,111.984
18.009,35.957,111.852
18.197,35.875,111.731
18.386,35.793,111.621
18.611,35.699,111.478
18.837,35.604,111.357
19.026,35.522,111.270
19.251,35.428,111.138
19.440,35.346,111.017
19.628,35.275,110.885
19.854,35.170,110.742
20.042,35.099,110.654
20.230,35.017,110.577
20.419,34.946,110.533
20.616,34.864,110.511
20.805,34.793,110.479
20.993,34.711,110.424
21.191,34.640,110.380
21.389,34.557,110.336
21.586,34.475,110.292
21.784,34.404,110.259
21.982,34.321,110.237
22.180,34.239,110.237
22.377,34.157,110.237
22.584,34.074,110.270
22.782,33.992,110.325
22.989,33.910,110.402
23.187,33.827,110.479
23.394,33.745,110.566
23.601,33.662,110.665
23.809,33.580,110.742
24.016,33.497,110.841
24.223,33.415,110.907
24.430,33.321,110.984
24.637,33.238,111.072
24.844,33.145,111.138
25.061,33.062,111.226
25.267,32.969,111.324
25.475,32.886,111.412
25.691,32.792,111.511
25.908,32.709,111.599
26.115,32.616,111.687
26.331,32.522,111.764
26.547,32.428,111.841
26.764,32.334,111.929
26.971,32.241,111.995
27.197,32.147,112.061
27.413,32.053,112.115
27.629,31.959,112.170
27.836,31.865,112.203
28.053,31.772,112.247
28.269,31.678,112.291
28.486,31.584,112.324
28.702,31.479,112.346
28.918,31.385,112.390
29.135,31.291,112.412
29.351,31.197,112.423
29.567,31.104,112.434
29.774,31.010,112.423
29.991,30.916,112.368
30.207,30.822,112.313
30.414,30.718,112.258
30.630,30.624,112.203
30.847,30.530,112.137
31.063,30.436,112.083
31.270,30.354,112.017
31.487,30.260,111.951
31.694,30.166,111.885
31.910,30.072,111.797
32.126,29.979,111.698
32.333,29.885,111.610
32.550,29.802,111.511
32.757,29.709,111.423
32.973,29.615,111.335
33.180,29.532,111.248
33.397,29.438,111.182
33.604,29.356,111.116
33.811,29.262,111.039
34.028,29.180,110.951
34.235,29.097,110.863
34.451,29.003,110.775
34.658,28.921,110.676
34.866,28.838,110.588
35.073,28.756,110.500
35.289,28.662,110.424
35.496,28.579,110.358
35.704,28.497,110.281
35.911,28.414,110.193
36.118,28.332,110.094
36.335,28.249,110.006
36.542,28.166,109.907
36.749,28.084,109.819
36.956,28.001,109.742
37.163,27.919,109.677
37.371,27.847,109.622
37.578,27.765,109.589
37.785,27.682,109.567
37.992,27.611,109.545
38.200,27.528,109.523
38.407,27.446,109.512
38.614,27.363,109.479
38.812,27.281,109.479
39.019,27.210,109.468
39.226,27.127,109.468
39.424,27.056,109.479
39.631,26.973,109.523
39.829,26.902,109.589
40.036,26.820,109.655
40.234,26.748,109.720
40.442,26.666,109.786
40.639,26.584,109.830
40.837,26.512,109.885
41.035,26.430,109.962
41.233,26.359,110.028
41.430,26.277,110.116
41.628,26.205,110.204
41.817,26.123,110.292
42.014,26.052,110.380
42.212,25.970,110.446
42.400,25.888,110.511
42.598,25.817,110.577
42.786,25.734,110.643
42.984,25.652,110.709
43.173,25.581,110.775
43.361,25.499,110.863
43.549,25.417,110.940
43.747,25.346,111.039
43.935,25.264,111.105
44.123,25.182,111.171
44.312,25.111,111.215
44.500,25.029,111.248
44.688,24.947,111.292
44.914,24.853,111.335
45.112,24.770,111.390
45.337,24.676,111.478
45.526,24.594,111.555
45.714,24.512,111.621
45.902,24.441,111.698
46.090,24.359,111.775
46.279,24.277,111.830
46.504,24.183,111.907
46.693,24.101,111.962
46.881,24.019,112.017
47.106,23.914,112.083
47.332,23.819,112.137
47.521,23.737,112.192
47.709,23.655,112.236
47.935,23.561,112.291
48.160,23.456,112.357
48.348,23.374,112.390
48.574,23.269,112.445
48.791,23.175,112.511
48.979,23.093,112.544
49.195,22.988,112.610
49.383,22.906,112.654
49.609,22.812,112.731
49.835,22.707,112.786
50.051,22.613,112.841
50.277,22.508,112.906
50.493,22.403,112.939
50.719,22.309,112.994
50.935,22.204,113.049
51.151,22.110,113.093
51.377,22.005,113.137
51.593,21.911,113.192
51.810,21.806,113.247
52.026,21.712,113.302
52.242,21.607,113.346
52.459,21.514,113.390
52.675,21.409,113.445
52.881,21.304,113.489
53.098,21.210,113.533
53.314,21.105,113.588
53.521,21.012,113.643
53.737,20.918,113.708
53.944,20.813,113.818
54.151,20.720,114.027
54.357,20.615,114.335
54.564,20.521,114.697
54.771,20.417,115.115
54.968,20.323,115.554
55.175,20.218,115.994
55.372,20.114,116.444
55.569,20.009,116.906
55.767,19.905,117.411
55.954,19.801,117.949
56.151,19.696,118.531
56.339,19.581,119.136
56.526,19.477,119.740
56.704,19.362,120.333
56.882,19.246,120.927
57.060,19.131,121.509
57.238,19.016,122.146
57.406,18.901,122.805
57.575,18.786,123.475
57.743,18.672,124.156
57.912,18.557,124.849
58.098,18.419,125.706
58.257,18.293,126.420
58.434,18.156,127.255
58.621,18.007,128.090
58.789,17.859,128.925
58.966,17.711,129.781
59.133,17.563,130.671
59.301,17.415,131.572
59.459,17.267,132.528
59.617,17.119,133.561
59.766,16.960,134.659
59.914,16.801,135.813
60.063,16.653,136.989
60.201,16.484,138.186
60.340,16.325,139.438
60.469,16.167,140.724
60.598,15.997,142.031
60.746,15.805,143.591
60.856,15.636,144.910
60.966,15.467,146.173
61.076,15.298,147.437
61.195,15.107,148.942
61.296,14.927,150.216
61.396,14.736,151.699
61.505,14.534,153.160
61.595,14.332,154.556
61.676,14.130,155.874
61.757,13.929,157.148
61.838,13.727,158.401
61.909,13.526,159.664
61.981,13.324,160.884
62.042,13.123,162.081
62.095,12.922,163.444
62.147,12.721,164.905
62.199,12.520,166.289
62.251,12.297,167.805
62.284,12.097,169.178
62.327,11.874,170.684
62.351,11.674,171.969
62.374,11.473,173.210
62.389,11.273,174.408
62.403,11.073,175.605
62.417,10.873,176.847
62.422,10.651,178.264
62.416,10.419,179.703
62.411,10.197,181.165
62.396,9.964,182.615
62.381,9.743,184.164
62.366,9.510,185.691
62.333,9.311,186.998
62.299,9.090,188.438
62.266,8.869,189.855
62.223,8.648,191.195
62.170,8.438,192.327
62.117,8.218,193.337
62.065,8.008,194.172
62.003,7.799,194.810
61.941,7.589,195.458
61.879,7.380,196.128
61.817,7.182,196.721
61.746,6.984,197.216
61.675,6.775,197.666
61.613,6.576,198.062
61.542,6.378,198.446
61.471,6.180,198.787
61.390,5.960,199.138
61.309,5.751,199.446
61.228,5.554,199.709
61.147,5.345,199.907
61.076,5.147,200.072
60.995,4.949,200.182
60.914,4.740,200.314
60.834,4.542,200.479
60.753,4.356,200.599
60.672,4.158,200.720
60.592,3.949,200.863
60.511,3.762,200.995
60.430,3.553,201.050
60.350,3.366,200.962
60.269,3.180,200.907
60.198,2.982,200.830
60.108,2.784,200.808
60.028,2.597,200.852
59.956,2.399,200.918
59.876,2.213,200.984
59.796,2.026,201.061
59.724,1.828,201.138
