-23.111,-12.805,345.443,0
-23.166,-12.605,345.454,0
-23.212,-12.405,345.443,0
-23.276,-12.205,345.454,0
-23.331,-12.004,345.52,0
-23.386,-11.804,345.619,0
-23.451,-11.593,345.828,0
-23.506,-11.393,346.267,0
-23.561,-11.193,346.871,0
-23.606,-10.993,347.662,0
-23.652,-10.793,348.618,0
-23.697,-10.593,349.772,0
-23.742,-10.381,351.156,0
-23.778,-10.182,352.815,0
-23.805,-9.971,354.781,0
-23.831,-9.76,357.012,0
-23.838,-9.538,359.923,0
-23.836,-9.327,3.021,0
-23.824,-9.106,6.779,0
-23.802,-8.895,10.25,0
-23.762,-8.696,13.744,0
-23.722,-8.497,16.996,0
-23.653,-8.298,20.61,0
-23.574,-8.1,24.247,0
-23.487,-7.912,27.729,0
-23.389,-7.725,31.432,0
-23.273,-7.549,35.101,0
-23.157,-7.373,38.826,0
-23.022,-7.219,42.341,0
-22.886,-7.065,45.472,0
-22.732,-6.923,48.713,0
-22.578,-6.792,51.559,0
-22.424,-6.66,54.218,0
-22.252,-6.551,56.678,0
-22.079,-6.431,59.019,0
-21.897,-6.322,61.15,0
-21.714,-6.225,63.182,0
-21.532,-6.127,65.061,0
-21.341,-6.04,66.885,0
-21.149,-5.954,68.698,0
-20.958,-5.878,70.17,0
-20.757,-5.803,71.345,0
-20.556,-5.727,72.246,0
-20.364,-5.663,73.026,0
-20.173,-5.599,73.718,0
-19.972,-5.534,74.465,0
-19.762,-5.47,75.223,0
-19.561,-5.417,75.751,0
-19.36,-5.364,76.234,0
-19.159,-5.31,76.663,0
-18.959,-5.257,77.025,0
-18.748,-5.204,77.531,0
-18.548,-5.151,78.091,0
-18.337,-5.109,78.783,0
-18.127,-5.067,79.728,0
-17.917,-5.025,80.859,0
-17.697,-4.983,82.145,0
-17.487,-4.952,83.463,0
-17.287,-4.932,84.595,0
-17.077,-4.901,85.88,0
-16.867,-4.881,87.166,0
-16.657,-4.872,88.451,0
-16.448,-4.863,89.934,0
-16.247,-4.855,91.725,0
-16.047,-4.857,93.845,0
-15.847,-4.87,96.086,0
-15.638,-4.894,98.635,0
-15.438,-4.93,101.283,0
-15.229,-4.965,104.26,0
-15.029,-5.023,107.358,0
-14.82,-5.092,110.731,0
-14.63,-5.16,113.796,0
-14.441,-5.251,117.191,0
-14.261,-5.342,120.553,0
-14.071,-5.455,124.53,0
-13.91,-5.579,128.167,0
-13.75,-5.702,131.902,0
-13.599,-5.848,135.67,0
-13.458,-5.994,139.46,0
-13.326,-6.161,143.218,0
-13.204,-6.329,146.514,0
-13.091,-6.497,149.447,0
-12.988,-6.675,151.919,0
-12.895,-6.853,153.567,0
-12.802,-7.032,154.688,0
-12.708,-7.221,155.599,0
-12.625,-7.411,156.357,0
-12.532,-7.6,157.126,0
-12.448,-7.789,157.797,0
-12.374,-7.979,158.269,0
-12.29,-8.168,158.423,0
-12.206,-8.369,158.5,0
-12.123,-8.569,158.741,0
-12.039,-8.769,159.082,0
-11.956,-8.97,159.554,0
-11.872,-9.17,160.038,0
-11.807,-9.371,160.488,0
-11.724,-9.582,161.005,0
-11.641,-9.794,161.499,0
-11.576,-9.994,161.851,0
-11.502,-10.194,162.18,0
-11.428,-10.395,162.477,0
-11.354,-10.606,162.784,0
-11.29,-10.828,163.026,0
-11.216,-11.04,163.158,0
-11.142,-11.262,163.213,0
-11.068,-11.485,163.246,0
-11.004,-11.685,163.29,0
-10.939,-11.885,163.323,0
-10.865,-12.108,163.312,0
-10.801,-12.308,163.312,0
-10.727,-12.509,163.312,0
-10.672,-12.709,163.312,0
-10.598,-12.909,163.29,0
-10.514,-13.132,163.279,0
-10.45,-13.354,163.235,0
-10.376,-13.577,163.147,0
-10.302,-13.799,163.103,0
-10.238,-14.021,163.125,0
-10.155,-14.233,163.103,0
-10.081,-14.444,163.026,0
-10.016,-14.656,162.96,0
-9.952,-14.856,162.916,0
-9.878,-15.067,162.883,0
-9.804,-15.29,162.861,0
-9.74,-15.49,162.872,0
-9.665,-15.691,162.905,0
-9.601,-15.891,162.916,0
-9.518,-16.113,162.916,0
-9.463,-16.314,162.971,0
-9.389,-16.514,163.015,0
-9.324,-16.714,163.125,0
-9.26,-16.925,163.279,0
-9.186,-17.126,163.4,0
-9.112,-17.337,163.531,0
-9.047,-17.56,163.63,0
-8.983,-17.782,163.74,0
-8.909,-18.005,163.85,0
-8.835,-18.227,163.96,0
-8.78,-18.427,164.07,0
-8.716,-18.627,164.18,0
-8.651,-18.828,164.279,0
-8.596,-19.028,164.355,0
-8.522,-19.239,164.443,0
-8.467,-19.439,164.52,0
-8.403,-19.651,164.542,0
-8.348,-19.862,164.553,0
-8.284,-20.073,164.553,0
-8.21,-20.285,164.52,0
-8.155,-20.496,164.443,0
-8.081,-20.707,164.333,0
-8.026,-20.93,164.268,0
-7.952,-21.141,164.191,0
-7.879,-21.364,164.103,0
-7.824,-21.575,163.993,0
-7.75,-21.797,163.85,0
-7.695,-22.009,163.729,0
-7.621,-22.231,163.63,0
-7.547,-22.443,163.499,0
-7.483,-22.665,163.334,0
-7.409,-22.887,163.202,0
-7.345,-23.11,163.114,0
-7.271,-23.299,163.026,0
-7.206,-23.51,162.905,0
-7.133,-23.744,162.751,0
-7.049,-23.967,162.609,0
-6.975,-24.189,162.51,0
-6.902,-24.412,162.444,0
-6.828,-24.634,162.389,0
-6.745,-24.868,162.323,0
-6.671,-25.09,162.279,0
-6.597,-25.324,162.246,0
-6.523,-25.513,162.191,0
-6.449,-25.736,162.136,0
-6.375,-25.969,162.081,0
-6.292,-26.192,162.059,0
-6.228,-26.392,162.048,0
-6.153,-26.582,162.048,0
-6.08,-26.815,162.092,0
-5.996,-27.049,162.224,0
-5.923,-27.282,162.4,0
-5.84,-27.516,162.576,0
-5.766,-27.75,162.762,0
-5.701,-27.95,162.905,0
-5.637,-28.15,163.059,0
-5.572,-28.351,163.213,0
-5.499,-28.584,163.389,0
-5.434,-28.784,163.466,0
-5.37,-28.985,163.499,0
-5.315,-29.185,163.531,0
-5.241,-29.385,163.553,0
-5.186,-29.585,163.575,0
-5.121,-29.785,163.586,0
-5.066,-29.986,163.597,0
-5.001,-30.186,163.608,0
-4.937,-30.386,163.641,0
-4.872,-30.586,163.674,0
-4.817,-30.786,163.685,0
-4.753,-30.987,163.663,0
-4.679,-31.22,163.641,0
-4.615,-31.421,163.619,0
-4.56,-31.621,163.608,0
-4.486,-31.854,163.597,0
-4.421,-32.055,163.575,0
-4.357,-32.255,163.542,0
-4.302,-32.455,163.51,0
-4.228,-32.655,163.488,0
-4.173,-32.867,163.444,0
-4.109,-33.067,163.389,0
-4.044,-33.267,163.345,0
-3.98,-33.478,163.29,0
-3.915,-33.679,163.257,0
-3.851,-33.879,163.191,0
-3.786,-34.09,163.092,0
-3.722,-34.29,162.993,0
-3.657,-34.502,162.905,0
-3.583,-34.702,162.828,0
-3.528,-34.913,162.773,0
-3.454,-35.125,162.708,0
-3.39,-35.336,162.642,0
-3.316,-35.536,162.565,0
-3.251,-35.748,162.499,0
-3.178,-35.959,162.466,0
-3.113,-36.17,162.466,0
-3.039,-36.382,162.455,0
-2.975,-36.593,162.466,0
-2.901,-36.805,162.51,0
-2.836,-37.016,162.598,0
-2.763,-37.227,162.751,0
-2.698,-37.439,162.916,0
-2.624,-37.639,163.048,0
-2.56,-37.85,163.147,0
-2.495,-38.073,163.257,0
-2.431,-38.284,163.389,0
-2.366,-38.484,163.521,0
-2.302,-38.696,163.674,0
-2.228,-38.896,163.839,0
-2.173,-39.107,163.982,0
-2.109,-39.308,164.081,0
-2.054,-39.519,164.158,0
-1.989,-39.73,164.235,0
-1.934,-39.93,164.333,0
-1.87,-40.13,164.388,0
-1.815,-40.342,164.388,0
-1.75,-40.542,164.366,0
-1.696,-40.753,164.333,0
-1.631,-40.953,164.312,0
-1.566,-41.154,164.29,0
-1.512,-41.354,164.235,0
-1.447,-41.565,164.191,0
-1.383,-41.765,164.125,0
-1.328,-41.977,164.07,0
-1.263,-42.177,164.015,0
-1.208,-42.377,163.949,0
-1.144,-42.577,163.894,0
-1.089,-42.777,163.861,0
-1.024,-42.989,163.817,0
-0.969,-43.189,163.751,0
-0.905,-43.389,163.685,0
-0.85,-43.589,163.619,0
-0.785,-43.789,163.553,0
-0.721,-43.99,163.488,0
-0.656,-44.19,163.422,0
-0.601,-44.39,163.356,0
-0.537,-44.59,163.29,0
-0.472,-44.791,163.235,0
-0.408,-44.991,163.191,0
-0.353,-45.191,163.125,0
-0.279,-45.391,163.07,0
-0.224,-45.591,163.048,0
-0.15,-45.792,162.993,0
-0.085,-46.003,162.938,0
-0.021,-46.203,162.861,0
0.044,-46.415,162.784,0
0.108,-46.615,162.719,0
0.173,-46.826,162.675,0
0.247,-47.038,162.642,0
0.311,-47.249,162.587,0
0.385,-47.449,162.51,0
0.45,-47.661,162.455,0
0.523,-47.872,162.4,0
0.588,-48.083,162.312,0
0.652,-48.295,162.191,0
0.726,-48.506,162.081,0
0.791,-48.706,162.026,0
0.865,-48.918,162.026,0
0.939,-49.118,162.004,0
1.003,-49.33,161.993,0
1.077,-49.53,162.015,0
1.142,-49.741,162.059,0
1.216,-49.942,162.092,0
1.271,-50.142,162.147,0
1.345,-50.342,162.202,0
1.409,-50.542,162.257,0
1.483,-50.743,162.301,0
1.538,-50.943,162.356,0
1.612,-51.143,162.4,0
1.667,-51.343,162.444,0
1.732,-51.543,162.466,0
1.806,-51.777,162.499,0
1.88,-51.966,162.543,0
1.953,-52.2,162.62,0
2.027,-52.434,162.664,0
2.101,-52.656,162.675,0
2.156,-52.856,162.697,0
2.23,-53.045,162.762,0
2.294,-53.279,162.828,0
2.378,-53.502,162.85,0
2.433,-53.702,162.839,0
2.506,-53.924,162.85,0
2.58,-54.158,162.872,0
2.654,-54.391,162.883,0
2.727,-54.625,162.872,0
2.801,-54.848,162.872,0
2.866,-55.048,162.85,0
2.94,-55.281,162.806,0
3.013,-55.504,162.773,0
3.078,-55.704,162.762,0
3.152,-55.927,162.773,0
3.216,-56.127,162.74,0
3.28,-56.349,162.642,0
3.354,-56.583,162.543,0
3.428,-56.805,162.488,0
3.492,-57.006,162.51,0
3.576,-57.228,162.521,0
3.64,-57.462,162.455,0
3.714,-57.684,162.356,0
3.787,-57.918,162.29,0
3.871,-58.152,162.29,0
3.945,-58.374,162.312,0
4.018,-58.608,162.356,0
4.092,-58.83,162.389,0
4.166,-59.064,162.422,0
4.249,-59.298,162.455,0
4.323,-59.52,162.466,0
4.396,-59.754,162.488,0
4.47,-59.976,162.51,0
4.544,-60.21,162.51,0
4.618,-60.432,162.488,0
4.691,-60.666,162.477,0
4.765,-60.888,162.532,0
4.839,-61.111,162.62,0
4.913,-61.333,162.675,0
4.987,-61.567,162.631,0
5.051,-61.789,162.598,0
5.125,-62.012,162.62,0
5.208,-62.235,162.675,0
5.272,-62.457,162.697,0
5.346,-62.68,162.609,0
5.42,-62.902,162.554,0
5.484,-63.124,162.554,0
5.568,-63.347,162.609,0
5.632,-63.569,162.653,0
5.706,-63.803,162.642,0
5.779,-64.026,162.62,0
5.853,-64.248,162.62,0
5.927,-64.471,162.62,0
5.991,-64.704,162.587,0
6.065,-64.927,162.587,0
6.148,-65.149,162.587,0
6.213,-65.372,162.598,0
6.286,-65.605,162.565,0
6.36,-65.828,162.51,0
6.424,-66.05,162.499,0
6.498,-66.273,162.521,0
6.572,-66.484,162.532,0
6.646,-66.707,162.565,0
6.72,-66.929,162.609,0
6.794,-67.141,162.609,0
6.858,-67.363,162.62,0
6.922,-67.585,162.62,0
6.996,-67.797,162.62,0
7.07,-68.008,162.631,0
7.134,-68.231,162.697,0
7.208,-68.442,162.697,0
7.273,-68.665,162.675,0
7.337,-68.876,162.664,0
7.401,-69.087,162.642,0
7.475,-69.299,162.675,0
7.549,-69.51,162.729,0
7.604,-69.721,162.762,0
7.678,-69.933,162.751,0
7.743,-70.133,162.762,0
7.807,-70.344,162.773,0
7.871,-70.556,162.773,0
7.936,-70.756,162.784,0
8,-70.956,162.817,0
8.065,-71.167,162.85,0
8.129,-71.368,162.861,0
8.194,-71.568,162.883,0
8.258,-71.768,162.905,0
8.323,-71.968,162.905,0
8.397,-72.191,162.96,0
8.452,-72.391,162.993,0
8.526,-72.614,162.993,0
8.581,-72.814,162.993,0
8.654,-73.036,163.015,0
8.719,-73.259,163.048,0
8.793,-73.47,163.114,0
8.857,-73.692,163.147,0
8.931,-73.915,163.169,0
8.995,-74.137,163.202,0
9.059,-74.349,163.257,0
9.133,-74.56,163.345,0
9.198,-74.783,163.356,0
9.262,-74.994,163.301,0
9.326,-75.205,163.312,0
9.391,-75.417,163.345,0
9.465,-75.628,163.367,0
9.519,-75.85,163.356,0
9.584,-76.062,163.367,0
9.648,-76.273,163.356,0
9.713,-76.473,163.334,0
9.777,-76.684,163.323,0
9.842,-76.896,163.29,0
9.906,-77.096,163.279,0
9.971,-77.307,163.301,0
10.035,-77.519,163.312,0
10.099,-77.719,163.29,0
10.154,-77.93,163.29,0
10.219,-78.13,163.301,0
10.293,-78.342,163.29,0
10.348,-78.542,163.279,0
10.412,-78.742,163.246,0
10.477,-78.954,163.213,0
10.532,-79.154,163.202,0
10.596,-79.354,163.213,0
10.661,-79.554,163.213,0
10.725,-79.766,163.18,0
10.78,-79.966,163.147,0
10.845,-80.166,163.169,0
10.909,-80.366,163.191,0
10.974,-80.577,163.202,0
11.038,-80.778,163.18,0
11.103,-80.989,163.191,0
11.167,-81.2,163.235,0
11.231,-81.412,163.301,0
11.296,-81.634,163.378,0
11.37,-81.846,163.455,0
11.425,-82.046,163.499,0
11.489,-82.268,163.575,0
11.553,-82.468,163.674,0
11.608,-82.668,163.762,0
11.673,-82.88,163.795,0
11.728,-83.08,163.839,0
11.792,-83.291,163.883,0
11.847,-83.491,163.949,0
11.912,-83.703,164.004,0
11.976,-83.914,164.059,0
12.031,-84.125,164.103,0
12.095,-84.337,164.147,0
12.16,-84.537,164.191,0
12.215,-84.748,164.235,0
12.279,-84.959,164.268,0
12.334,-85.16,164.246,0
12.389,-85.371,164.224,0
12.453,-85.582,164.268,0
12.508,-85.782,164.312,0
12.573,-85.994,164.301,0
12.628,-86.205,164.268,0
12.692,-86.416,164.257,0
12.757,-86.616,164.268,0
12.821,-86.828,164.191,0
12.876,-87.039,164.004,0
12.931,-87.25,163.751,0
12.995,-87.461,163.597,0
13.06,-87.662,163.531,0
13.124,-87.873,163.466,0
13.188,-88.084,163.323,0
13.243,-88.296,163.147,0
13.308,-88.496,163.004,0
13.372,-88.707,162.905,0
13.446,-88.907,162.74,0
13.511,-89.119,162.543,0
13.575,-89.319,162.367,0
13.64,-89.519,162.202,0
13.704,-89.72,162.059,0
13.769,-89.931,161.917,0
13.843,-90.12,161.741,0
13.907,-90.32,161.554,0
13.972,-90.521,161.378,0
14.036,-90.721,161.246,0
14.11,-90.921,161.125,0
14.184,-91.144,160.972,0
14.249,-91.344,160.829,0
14.323,-91.533,160.752,0
14.397,-91.745,160.829,0
14.471,-91.967,161.06,0
14.545,-92.179,161.323,0
14.619,-92.401,161.598,0
14.692,-92.613,161.862,0
14.757,-92.824,162.147,0
14.831,-93.035,162.466,0
14.895,-93.247,162.762,0
14.959,-93.469,163.103,0
15.024,-93.68,163.564,0
15.088,-93.892,164.026,0
15.153,-94.103,164.476,0
15.208,-94.314,164.938,0
15.262,-94.525,165.41,0
15.317,-94.737,165.916,0
15.372,-94.948,166.509,0
15.418,-95.159,167.168,0
15.463,-95.359,167.926,0
15.508,-95.57,168.75,0
15.544,-95.781,169.607,0
15.58,-95.992,170.574,0
15.616,-96.192,171.595,0
15.642,-96.392,172.683,0
15.668,-96.614,174.133,0
15.685,-96.836,175.792,0
15.702,-97.047,177.605,0
15.7,-97.257,179.451,0
15.707,-97.468,181.263,0
15.695,-97.69,183.098,0
15.674,-97.889,184.373,0
15.662,-98.099,185.427,0
15.64,-98.31,186.064,0
15.619,-98.52,186.438,0
15.588,-98.719,186.537,0
15.567,-98.93,186.427,0
15.546,-99.129,186.152,0
15.524,-99.339,185.702,0
15.503,-99.55,185.032,0
15.481,-99.771,184.186,0
15.469,-99.982,183.131,0
15.467,-100.203,181.791,0
15.465,-100.414,180.231,0
15.462,-100.636,178.528,0
15.479,-100.835,176.88,0
15.496,-101.035,175.012,0
15.513,-101.235,172.903,0
15.549,-101.446,170.618,0
15.594,-101.646,168.168,0
15.64,-101.846,165.509,0
15.704,-102.046,162.719,0
15.778,-102.258,159.719,0
15.862,-102.458,156.522,0
15.955,-102.648,153.029,0
16.067,-102.837,149.271,0
16.189,-103.016,145.261,0
16.321,-103.195,140.933,0
16.471,-103.352,136.395,0
16.613,-103.497,132.297,0
16.792,-103.643,127.672,0
16.982,-103.767,122.915,0
17.162,-103.869,118.729,0
17.361,-103.96,114.532,0
17.56,-104.04,110.138,0
17.76,-104.097,105.732,0
17.978,-104.155,101.261,0
18.188,-104.18,96.79,0
18.388,-104.193,92.845,0
18.607,-104.195,88.187,0
18.826,-104.164,83.694,0
19.036,-104.133,79.343,0
19.237,-104.08,74.982,0
19.429,-104.016,70.829,0
19.62,-103.94,66.643,0
19.802,-103.843,62.446,0
19.994,-103.734,57.777,0
20.167,-103.614,53.668,0
20.321,-103.482,49.559,0
20.465,-103.34,45.341,0
20.61,-103.197,41.177,0
20.726,-103.032,37.134,0
20.842,-102.867,33.113,0
20.949,-102.691,28.971,0
21.037,-102.493,24.258,0
21.115,-102.305,20.248,0
21.175,-102.084,15.809,0
21.225,-101.874,11.316,0
21.256,-101.664,6.603,0
21.268,-101.442,2.109,0
21.261,-101.22,357.858,0
21.244,-101.021,353.979,0
21.208,-100.821,350.365,0
21.172,-100.621,347.289,0
21.098,-100.409,344.136,0
21.043,-100.209,341.631,0
20.969,-100.009,339.565,0
20.885,-99.808,338.016,0
20.802,-99.608,336.94,0
20.709,-99.396,336.237,0
20.616,-99.196,335.632,0
20.532,-99.006,335.193,0
20.439,-98.817,334.918,0
20.336,-98.605,334.742,0
20.252,-98.416,334.611,0
20.159,-98.226,334.545,0
20.066,-98.037,334.666,0
19.973,-97.836,335.039,0
19.88,-97.636,335.621,0
19.787,-97.435,336.259,0
19.703,-97.224,336.819,0
19.61,-97.023,337.28,0
19.536,-96.834,337.643,0
19.443,-96.622,337.983,0
19.369,-96.433,338.192,0
19.285,-96.221,338.511,0
19.211,-96.032,338.763,0
19.137,-95.843,338.939,0
19.053,-95.642,339.115,0
18.97,-95.42,339.39,0
18.896,-95.219,339.587,0
18.822,-95.008,339.719,0
18.748,-94.808,339.851,0
18.674,-94.607,339.983,0
18.6,-94.396,340.137,0
18.516,-94.184,340.291,0
18.443,-93.973,340.389,0
18.359,-93.75,340.477,0
18.285,-93.539,340.576,0
18.211,-93.316,340.686,0
18.137,-93.127,340.752,0
18.063,-92.904,340.818,0
17.99,-92.682,340.917,0
17.915,-92.493,341.005,0
17.842,-92.27,341.071,0
17.758,-92.048,341.104,0
17.703,-91.847,341.093,0
17.62,-91.625,341.115,0
17.555,-91.425,341.169,0
17.481,-91.235,341.246,0
17.417,-91.035,341.334,0
17.333,-90.801,341.367,0
17.278,-90.601,341.367,0
17.204,-90.401,341.367,0
17.14,-90.201,341.4,0
17.066,-90,341.444,0
17.001,-89.8,341.488,0
16.927,-89.6,341.51,0
16.863,-89.399,341.521,0
16.789,-89.188,341.499,0
16.724,-88.988,341.466,0
16.66,-88.788,341.422,0
16.595,-88.576,341.4,0
16.521,-88.376,341.4,0
16.447,-88.175,341.455,0
16.373,-87.964,341.51,0
16.309,-87.764,341.543,0
16.244,-87.552,341.565,0
16.17,-87.352,341.631,0
16.096,-87.141,341.73,0
16.032,-86.929,341.851,0
15.968,-86.718,341.971,0
15.894,-86.507,342.103,0
15.829,-86.295,342.312,0
15.755,-86.084,342.521,0
15.691,-85.873,342.675,0
15.627,-85.65,342.806,0
15.553,-85.439,342.905,0
15.488,-85.216,343.004,0
15.415,-84.994,343.092,0
15.35,-84.771,343.114,0
15.286,-84.549,343.092,0
15.222,-84.315,343.136,0
15.148,-84.093,343.246,0
15.074,-83.859,343.367,0
15.001,-83.626,343.4,0
14.927,-83.392,343.312,0
14.863,-83.159,343.169,0
14.789,-82.925,343.081,0
14.716,-82.68,343.037,0
14.651,-82.447,342.993,0
14.568,-82.213,342.949,0
14.513,-82.013,342.938,0
14.43,-81.768,342.949,0
14.366,-81.524,342.949,0
14.283,-81.279,342.938,0
14.228,-81.079,342.938,0
14.145,-80.834,342.949,0
14.09,-80.634,342.982,0
14.025,-80.434,343.015,0
13.961,-80.233,343.037,0
13.906,-80.033,343.048,0
13.841,-79.833,343.103,0
13.777,-79.633,343.202,0
13.712,-79.421,343.323,0
13.648,-79.221,343.422,0
13.593,-79.01,343.488,0
13.529,-78.799,343.542,0
13.474,-78.587,343.597,0
13.409,-78.387,343.685,0
13.354,-78.176,343.806,0
13.29,-77.965,343.971,0
13.225,-77.753,344.136,0
13.161,-77.542,344.301,0
13.097,-77.331,344.454,0
13.042,-77.108,344.542,0
12.978,-76.897,344.597,0
12.923,-76.686,344.652,0
12.858,-76.463,344.729,0
12.803,-76.252,344.806,0
12.739,-76.03,344.872,0
12.684,-75.807,344.938,0
12.62,-75.585,344.993,0
12.565,-75.363,345.048,0
12.501,-75.151,345.081,0
12.446,-74.929,345.037,0
12.382,-74.707,344.927,0
12.318,-74.484,344.74,0
12.263,-74.262,344.476,0
12.208,-74.04,344.191,0
12.144,-73.817,343.916,0
12.08,-73.595,343.696,0
12.006,-73.372,343.488,0
11.942,-73.15,343.29,0
11.877,-72.927,343.059,0
11.803,-72.716,342.806,0
11.739,-72.494,342.532,0
11.675,-72.271,342.279,0
11.601,-72.049,342.059,0
11.527,-71.826,341.862,0
11.453,-71.615,341.653,0
11.379,-71.403,341.433,0
11.305,-71.181,341.246,0
11.241,-70.969,341.082,0
11.167,-70.758,340.994,0
11.093,-70.547,340.972,0
11.019,-70.324,340.972,0
10.945,-70.113,340.994,0
10.871,-69.901,341.049,0
10.797,-69.701,341.093,0
10.723,-69.489,341.136,0
10.65,-69.278,341.158,0
10.576,-69.067,341.169,0
10.511,-68.855,341.18,0
10.437,-68.655,341.18,0
10.363,-68.443,341.202,0
10.299,-68.232,341.246,0
10.225,-68.032,341.29,0
10.151,-67.82,341.323,0
10.086,-67.62,341.345,0
10.012,-67.409,341.356,0
9.948,-67.208,341.367,0
9.874,-66.997,341.389,0
9.81,-66.786,341.444,0
9.735,-66.585,341.532,0
9.671,-66.385,341.642,0
9.597,-66.185,341.785,0
9.532,-65.973,341.927,0
9.468,-65.773,342.07,0
9.394,-65.573,342.235,0
9.339,-65.362,342.4,0
9.274,-65.161,342.576,0
9.21,-64.961,342.751,0
9.146,-64.75,342.905,0
9.081,-64.55,343.081,0
9.026,-64.349,343.257,0
8.962,-64.149,343.4,0
8.897,-63.938,343.477,0
8.842,-63.738,343.51,0
8.778,-63.537,343.553,0
8.723,-63.337,343.597,0
8.658,-63.137,343.619,0
8.603,-62.937,343.641,0
8.539,-62.737,343.663,0
8.484,-62.537,343.696,0
8.419,-62.336,343.74,0
8.364,-62.125,343.784,0
8.3,-61.925,343.795,0
8.245,-61.725,343.806,0
8.19,-61.525,343.817,0
8.116,-61.28,343.85,0
8.061,-61.08,343.883,0
7.997,-60.879,343.916,0
7.933,-60.635,343.938,0
7.868,-60.435,343.949,0
7.804,-60.19,343.982,0
7.73,-59.956,344.015,0
7.675,-59.756,344.015,0
7.611,-59.512,343.982,0
7.547,-59.278,343.938,0
7.473,-59.045,343.905,0
7.409,-58.822,343.872,0
7.335,-58.6,343.806,0
7.28,-58.4,343.729,0
7.225,-58.199,343.608,0
7.161,-57.977,343.466,0
7.087,-57.766,343.389,0
7.032,-57.543,343.312,0
6.958,-57.332,343.268,0
6.894,-57.109,343.246,0
6.839,-56.898,343.279,0
6.765,-56.687,343.433,0
6.701,-56.464,343.641,0
6.637,-56.253,343.806,0
6.572,-56.031,343.894,0
6.518,-55.808,344.015,0
6.453,-55.608,344.147,0
6.389,-55.375,344.323,0
6.334,-55.175,344.476,0
6.279,-54.974,344.597,0
6.224,-54.763,344.718,0
6.169,-54.552,344.861,0
6.105,-54.341,345.048,0
6.05,-54.129,345.256,0
5.995,-53.907,345.465,0
5.941,-53.674,345.674,0
5.876,-53.451,345.916,0
5.821,-53.229,346.223,0
5.767,-53.007,346.575,0
5.722,-52.784,346.948,0
5.667,-52.562,347.344,0
5.622,-52.34,347.75,0
5.567,-52.118,348.168,0
5.531,-51.896,348.618,0
5.486,-51.673,349.135,0
5.441,-51.451,349.64,0
5.405,-51.229,350.123,0
5.36,-51.007,350.607,0
5.324,-50.774,351.101,0
5.288,-50.552,351.584,0
5.262,-50.33,352.079,0
5.227,-50.096,352.584,0
5.201,-49.863,353.112,0
5.175,-49.641,353.628,0
5.149,-49.408,354.111,0
5.122,-49.186,354.584,0
5.106,-48.953,355.1,0
5.089,-48.731,355.616,0
5.063,-48.498,356.1,0
5.056,-48.277,356.583,0
5.04,-48.044,357.056,0
5.032,-47.822,357.517,0
5.016,-47.589,358.011,0
5.009,-47.356,358.495,0
5.002,-47.134,358.912,0
5.004,-46.901,359.308,0
4.997,-46.669,359.703,0
5,-46.436,0.044,0
5.002,-46.214,0.352,0
5.005,-45.981,0.659,0
5.008,-45.749,1,0
5.01,-45.516,1.34,0
5.013,-45.294,1.593,0
5.025,-45.061,1.802,0
5.027,-44.818,2.021,0
5.039,-44.585,2.263,0
5.042,-44.352,2.45,0
5.054,-44.108,2.582,0
5.066,-43.865,2.67,0
5.079,-43.621,2.725,0
5.091,-43.377,2.758,0
5.103,-43.122,2.736,0
5.106,-42.879,2.637,0
5.127,-42.679,2.516,0
5.129,-42.469,2.351,0
5.141,-42.225,2.153,0
5.144,-42.014,1.989,0
5.156,-41.759,1.758,0
5.159,-41.505,1.461,0
5.162,-41.261,1.121,0
5.173,-41.05,0.813,0
5.176,-40.795,0.396,0
5.179,-40.585,0.077,0
5.172,-40.33,359.703,0
5.175,-40.075,359.33,0
5.167,-39.864,359.022,0
5.161,-39.609,358.627,0
5.153,-39.398,358.286,0
5.146,-39.188,357.957,0
5.139,-38.933,357.55,0
5.132,-38.722,357.231,0
5.115,-38.522,356.935,0
5.099,-38.311,356.66,0
5.092,-38.056,356.396,0
5.075,-37.857,356.254,0
5.058,-37.657,356.188,0
5.042,-37.402,356.199,0
5.026,-37.147,356.276,0
5.009,-36.902,356.396,0
4.992,-36.703,356.517,0
4.986,-36.448,356.693,0
4.969,-36.248,356.869,0
4.952,-36.015,357.133,0
4.945,-35.771,357.385,0
4.939,-35.527,357.616,0
4.922,-35.283,357.847,0
4.915,-35.05,358.077,0
4.908,-34.817,358.308,0
4.901,-34.584,358.55,0
4.894,-34.352,358.759,0
4.887,-34.119,358.901,0
4.88,-33.886,358.967,0
4.883,-33.653,358.978,0
4.876,-33.42,358.945,0
4.869,-33.187,358.835,0
4.862,-32.966,358.66,0
4.855,-32.744,358.44,0
4.848,-32.511,358.209,0
4.85,-32.289,357.979,0
4.833,-32.067,357.759,0
4.826,-31.857,357.55,0
4.819,-31.635,357.352,0
4.812,-31.424,357.122,0
4.795,-31.202,356.88,0
4.788,-30.992,356.66,0
4.771,-30.781,356.473,0
4.755,-30.57,356.276,0
4.738,-30.37,356.045,0
4.731,-30.16,355.781,0
4.714,-29.96,355.551,0
4.697,-29.738,355.32,0
4.68,-29.516,355.144,0
4.654,-29.316,354.99,0
4.637,-29.117,354.792,0
4.62,-28.917,354.595,0
4.603,-28.717,354.463,0
4.577,-28.517,354.331,0
4.56,-28.318,354.089,0
4.543,-28.118,353.826,0
4.517,-27.918,353.617,0
4.5,-27.718,353.452,0
4.474,-27.518,353.276,0
4.447,-27.319,353.09,0
4.421,-27.119,352.903,0
4.394,-26.919,352.738,0
4.368,-26.719,352.573,0
4.342,-26.519,352.408,0
4.315,-26.308,352.222,0
4.289,-26.109,352.002,0
4.262,-25.909,351.804,0
4.227,-25.698,351.694,0
4.191,-25.498,351.694,0
4.164,-25.298,351.815,0
4.138,-25.087,351.969,0
4.112,-24.887,352.134,0
4.085,-24.687,352.277,0
4.049,-24.465,352.332,0
4.023,-24.266,352.288,0
3.997,-24.066,352.178,0
3.971,-23.844,351.914,0
3.944,-23.644,351.573,0
3.908,-23.444,351.189,0
3.882,-23.244,350.75,0
3.837,-23.022,350.079,0
3.801,-22.822,349.42,0
3.765,-22.6,348.64,0
3.71,-22.378,347.882,0
3.665,-22.166,347.146,0
3.619,-21.966,346.432,0
3.574,-21.766,345.685,0
3.51,-21.555,345.015,0
3.445,-21.344,344.52,0
3.4,-21.144,344.147,0
3.335,-20.943,344.026,0
3.28,-20.743,343.817,0
3.216,-20.543,343.542,0
3.161,-20.343,343.004,0
3.096,-20.132,342.664,0
3.032,-19.931,342.554,0
2.967,-19.731,342.477,0
2.903,-19.531,342.477,0
2.848,-19.331,342.455,0
2.783,-19.131,342.433,0
2.719,-18.93,342.422,0
2.654,-18.73,342.356,0
