-51.891,-28.452,269.539,0
-52.092,-28.453,269.517,0
-52.293,-28.454,269.473,0
-52.494,-28.455,269.429,0
-52.695,-28.455,269.44,0
-52.896,-28.456,269.451,0
-53.107,-28.457,269.44,0
-53.308,-28.458,269.385,0
-53.509,-28.459,269.352,0
-53.719,-28.46,269.33,0
-53.93,-28.471,269.33,0
-54.14,-28.472,269.297,0
-54.341,-28.473,269.275,0
-54.552,-28.474,269.264,0
-54.762,-28.475,269.275,0
-54.963,-28.476,269.297,0
-55.173,-28.487,269.341,0
-55.374,-28.488,269.407,0
-55.576,-28.489,269.44,0
-55.777,-28.49,269.473,0
-55.978,-28.491,269.506,0
-56.188,-28.492,269.594,0
-56.399,-28.492,269.67,0
-56.618,-28.493,269.747,0
-56.838,-28.494,269.868,0
-57.057,-28.495,270.077,0
-57.258,-28.496,270.22,0
-57.459,-28.497,270.363,0
-57.679,-28.497,270.527,0
-57.88,-28.498,270.67,0
-58.081,-28.499,270.802,0
-58.282,-28.5,270.956,0
-58.502,-28.501,271.176,0
-58.703,-28.49,271.296,0
-58.913,-28.491,271.439,0
-59.114,-28.492,271.593,0
-59.325,-28.482,271.725,0
-59.535,-28.483,271.835,0
-59.746,-28.472,271.967,0
-59.956,-28.473,272.131,0
-60.166,-28.463,272.296,0
-60.386,-28.453,272.351,0
-60.605,-28.443,272.351,0
-60.825,-28.432,272.318,0
-61.044,-28.433,272.285,0
-61.264,-28.423,272.285,0
-61.465,-28.413,272.274,0
-61.684,-28.414,272.241,0
-61.886,-28.403,272.241,0
-62.087,-28.404,272.208,0
-62.288,-28.394,272.164,0
-62.517,-28.384,272.12,0
-62.718,-28.384,272.076,0
-62.919,-28.374,272.043,0
-63.12,-28.364,271.989,0
-63.331,-28.354,271.945,0
-63.532,-28.354,271.89,0
-63.742,-28.344,271.857,0
-63.953,-28.334,271.802,0
-64.163,-28.335,271.769,0
-64.373,-28.325,271.703,0
-64.574,-28.325,271.637,0
-64.794,-28.315,271.571,0
-65.004,-28.316,271.527,0
-65.205,-28.306,271.483,0
-65.416,-28.307,271.45,0
-65.626,-28.296,271.428,0
-65.836,-28.286,271.384,0
-66.047,-28.287,271.362,0
-66.257,-28.277,271.34,0
-66.467,-28.277,271.307,0
-66.678,-28.267,271.241,0
-66.888,-28.268,271.219,0
-67.108,-28.269,271.198,0
-67.318,-28.259,271.176,0
-67.528,-28.259,271.121,0
-67.748,-28.249,271.088,0
-67.958,-28.25,271.077,0
-68.178,-28.251,271.055,0
-68.388,-28.241,271.033,0
-68.607,-28.242,271.022,0
-68.818,-28.231,270.989,0
-69.037,-28.232,270.967,0
-69.257,-28.222,270.923,0
-69.476,-28.223,270.901,0
-69.686,-28.224,270.879,0
-69.906,-28.214,270.857,0
-70.125,-28.214,270.813,0
-70.345,-28.204,270.813,0
-70.564,-28.205,270.813,0
-70.793,-28.206,270.835,0
-71.012,-28.207,270.802,0
-71.232,-28.197,270.758,0
-71.451,-28.198,270.736,0
-71.653,-28.198,270.725,0
-71.863,-28.188,270.725,0
-72.082,-28.189,270.714,0
-72.302,-28.19,270.703,0
-72.512,-28.18,270.703,0
-72.732,-28.18,270.714,0
-72.951,-28.181,270.736,0
-73.171,-28.182,270.747,0
-73.39,-28.172,270.725,0
-73.61,-28.173,270.714,0
-73.829,-28.174,270.703,0
-74.049,-28.175,270.736,0
-74.268,-28.164,270.736,0
-74.488,-28.165,270.747,0
-74.698,-28.166,270.758,0
-74.917,-28.156,270.78,0
-75.137,-28.157,270.802,0
-75.356,-28.158,270.813,0
-75.567,-28.158,270.802,0
-75.786,-28.148,270.813,0
-76.006,-28.149,270.824,0
-76.216,-28.15,270.846,0
-76.435,-28.14,270.857,0
-76.655,-28.141,270.879,0
-76.865,-28.141,270.923,0
-77.085,-28.142,270.967,0
-77.304,-28.132,271.022,0
-77.514,-28.133,271.11,0
-77.734,-28.123,271.165,0
-77.953,-28.124,271.198,0
-78.164,-28.124,271.241,0
-78.374,-28.114,271.307,0
-78.594,-28.115,271.362,0
-78.804,-28.116,271.384,0
-79.014,-28.106,271.439,0
-79.234,-28.095,271.505,0
-79.444,-28.096,271.582,0
-79.664,-28.097,271.681,0
-79.883,-28.087,271.736,0
-80.093,-28.077,271.802,0
-80.313,-28.078,271.912,0
-80.523,-28.078,272.01,0
-80.734,-28.068,272.087,0
-80.953,-28.058,272.142,0
-81.163,-28.059,272.252,0
-81.374,-28.049,272.373,0
-81.593,-28.038,272.472,0
-81.804,-28.028,272.571,0
-82.014,-28.029,272.67,0
-82.224,-28.019,272.769,0
-82.444,-28.008,272.834,0
-82.654,-27.998,272.911,0
-82.874,-27.988,273.021,0
-83.084,-27.978,273.131,0
-83.304,-27.967,273.219,0
-83.523,-27.946,273.307,0
-83.743,-27.936,273.406,0
-83.962,-27.926,273.516,0
-84.182,-27.916,273.615,0
-84.401,-27.905,273.691,0
-84.621,-27.884,273.768,0
-84.84,-27.874,273.834,0
-85.06,-27.853,273.911,0
-85.279,-27.842,273.988,0
-85.508,-27.821,274.043,0
-85.727,-27.811,274.098,0
-85.956,-27.79,274.142,0
-86.176,-27.779,274.197,0
-86.377,-27.769,274.252,0
-86.596,-27.748,274.296,0
-86.825,-27.726,274.307,0
-87.045,-27.716,274.307,0
-87.273,-27.695,274.34,0
-87.493,-27.685,274.362,0
-87.712,-27.663,274.406,0
-87.941,-27.653,274.46,0
-88.161,-27.632,274.515,0
-88.38,-27.622,274.57,0
-88.6,-27.6,274.625,0
-88.819,-27.59,274.658,0
-89.039,-27.569,274.68,0
-89.258,-27.548,274.691,0
-89.478,-27.537,274.735,0
-89.697,-27.516,274.768,0
-89.917,-27.506,274.801,0
-90.136,-27.485,274.845,0
-90.347,-27.463,274.878,0
-90.557,-27.442,274.933,0
-90.767,-27.432,274.988,0
-90.987,-27.41,274.999,0
-91.197,-27.389,275.021,0
-91.408,-27.368,275.032,0
-91.627,-27.346,275.054,0
-91.847,-27.336,275.065,0
-92.057,-27.315,275.065,0
-92.277,-27.294,275.076,0
-92.487,-27.272,275.065,0
-92.707,-27.251,275.065,0
-92.926,-27.241,275.065,0
-93.137,-27.219,275.054,0
-93.356,-27.198,275.032,0
-93.567,-27.177,275.043,0
-93.786,-27.166,275.021,0
-94.006,-27.145,275.021,0
-94.225,-27.124,274.999,0
-94.445,-27.103,274.999,0
-94.655,-27.081,274.988,0
-94.884,-27.071,274.988,0
-95.103,-27.05,275.01,0
-95.323,-27.028,275.01,0
-95.542,-27.018,274.988,0
-95.762,-27.008,274.955,0
-95.972,-26.987,274.966,0
-96.183,-26.976,274.977,0
-96.393,-26.955,274.966,0
-96.604,-26.945,274.977,0
-96.823,-26.923,274.999,0
-97.043,-26.902,275.032,0
-97.262,-26.892,275.076,0
-97.482,-26.871,275.076,0
-97.692,-26.849,275.087,0
-97.902,-26.839,275.109,0
-98.113,-26.818,275.109,0
-98.314,-26.796,275.153,0
-98.525,-26.775,275.208,0
-98.744,-26.754,275.284,0
-98.945,-26.743,275.339,0
-99.147,-26.722,275.405,0
-99.366,-26.712,275.603,0
-99.586,-26.691,275.735,0
-99.796,-26.669,275.823,0
-100.006,-26.648,275.955,0
-100.217,-26.638,276.097,0
-100.427,-26.605,276.218,0
-100.638,-26.595,276.372,0
-100.848,-26.574,276.526,0
-101.058,-26.541,276.636,0
-101.26,-26.52,276.746,0
-101.47,-26.498,276.91,0
-101.671,-26.488,277.042,0
-101.882,-26.467,277.152,0
-102.092,-26.434,277.35,0
-102.312,-26.413,277.548,0
-102.522,-26.381,277.635,0
-102.733,-26.348,277.844,0
-102.943,-26.327,278.031,0
-103.154,-26.294,278.152,0
-103.364,-26.262,278.273,0
-103.574,-26.23,278.47,0
-103.785,-26.208,278.646,0
-103.986,-26.176,278.767,0
-104.197,-26.143,278.943,0
-104.407,-26.122,279.108,0
-104.617,-26.078,279.207,0
-104.837,-26.046,279.382,0
-105.048,-26.014,279.58,0
-105.249,-25.981,279.69,0
-105.45,-25.938,279.833,0
-105.661,-25.905,279.998,0
-105.871,-25.873,280.206,0
-106.082,-25.84,280.371,0
-106.283,-25.797,280.558,0
-106.502,-25.764,280.811,0
-106.704,-25.721,281.085,0
-106.905,-25.688,281.316,0
-107.116,-25.645,281.602,0
-107.317,-25.601,281.953,0
-107.528,-25.547,282.316,0
-107.747,-25.503,282.623,0
-107.967,-25.449,283.008,0
-108.186,-25.405,283.469,0
-108.415,-25.351,283.887,0
-108.644,-25.296,284.271,0
-108.864,-25.241,284.711,0
-109.065,-25.198,285.095,0
-109.294,-25.132,285.557,0
-109.514,-25.067,286.084,0
-109.715,-25.012,286.633,0
-109.917,-24.957,287.172,0
-110.118,-24.892,287.765,0
-110.319,-24.837,288.446,0
-110.512,-24.771,289.204,0
-110.713,-24.694,289.984,0
-110.915,-24.618,290.764,0
-111.107,-24.53,291.566,0
-111.309,-24.453,292.368,0
-111.501,-24.365,293.225,0
-111.693,-24.277,294.071,0
-111.877,-24.189,294.906,0
-112.069,-24.101,295.851,0
-112.252,-24.013,296.862,0
-112.435,-23.914,297.916,0
-112.619,-23.815,299.004,0
-112.793,-23.716,300.07,0
-112.967,-23.605,301.135,0
-113.15,-23.495,302.487,0
-113.343,-23.374,303.904,0
-113.517,-23.264,305.31,0
-113.691,-23.131,306.661,0
-113.866,-23.01,308.123,0
-114.031,-22.889,309.694,0
-114.187,-22.756,311.418,0
-114.352,-22.624,313.22,0
-114.499,-22.48,315.077,0
-114.655,-22.315,317.142,0
-114.792,-22.16,318.977,0
-114.921,-22.005,320.955,0
-115.05,-21.85,322.91,0
-115.178,-21.674,325.063,0
-115.307,-21.486,327.283,0
-115.409,-21.309,329.194,0
-115.51,-21.12,331.348,0
-115.611,-20.943,333.292,0
-115.703,-20.755,335.5,0
-115.786,-20.567,337.335,0
-115.86,-20.368,339.456,0
-115.934,-20.168,341.543,0
-116.008,-19.969,343.433,0
-116.064,-19.759,345.256,0
-116.11,-19.559,347.003,0
-116.157,-19.36,348.596,0
-116.204,-19.16,349.969,0
-116.232,-18.961,351.079,0
-116.269,-18.75,352.002,0
-116.297,-18.54,352.804,0
-116.326,-18.329,353.474,0
-116.345,-18.107,354.067,0
-116.355,-17.897,354.639,0
-116.374,-17.686,355.166,0
-116.393,-17.475,355.638,0
-116.421,-17.265,356.111,0
-116.44,-17.065,356.682,0
-116.451,-16.844,357.111,0
-116.46,-16.633,357.539,0
-116.471,-16.411,358,0
-116.49,-16.201,358.506,0
-116.481,-15.979,358.945,0
-116.491,-15.757,359.418,0
-116.501,-15.546,359.835,0
-116.502,-15.325,0.022,0
-116.503,-15.103,0.022,0
-116.495,-14.892,359.967,0
-116.487,-14.67,359.78,0
-116.487,-14.459,359.604,0
-116.488,-14.249,359.44,0
-116.489,-14.038,359.33,0
-116.49,-13.816,359.209,0
-116.491,-13.606,359.077,0
-116.501,-13.395,358.967,0
-116.511,-13.184,358.835,0
-116.512,-12.974,358.682,0
-116.522,-12.763,358.572,0
-116.532,-12.541,358.55,0
-116.532,-12.33,358.528,0
-116.542,-12.12,358.517,0
-116.543,-11.909,358.594,0
-116.553,-11.698,358.704,0
-116.563,-11.488,358.77,0
-116.564,-11.266,358.857,0
-116.565,-11.055,358.967,0
-116.566,-10.845,359.011,0
-116.567,-10.623,359.077,0
-116.568,-10.412,359.231,0
-116.568,-10.19,359.286,0
-116.569,-9.98,359.319,0
-116.579,-9.769,359.396,0
-116.589,-9.558,359.55,0
-116.599,-9.348,359.626,0
-116.609,-9.126,359.714,0
-116.619,-8.904,359.846,0
-116.629,-8.693,359.912,0
-116.63,-8.472,359.956,0
-116.631,-8.25,0.077,0
-116.632,-8.028,0.187,0
-116.633,-7.806,0.231,0
-116.625,-7.584,0.286,0
-116.616,-7.374,0.428,0
-116.608,-7.141,0.549,0
-116.609,-6.908,0.626,0
-116.601,-6.697,0.736,0
-116.601,-6.487,0.824,0
-116.593,-6.276,0.879,0
-116.585,-6.065,0.978,0
-116.577,-5.843,1.099,0
-116.568,-5.621,1.208,0
-116.56,-5.4,1.274,0
-116.552,-5.189,1.373,0
-116.553,-4.956,1.538,0
-116.544,-4.734,1.659,0
-116.536,-4.512,1.747,0
-116.528,-4.29,1.824,0
-116.52,-4.058,1.923,0
-116.511,-3.836,2.021,0
-116.503,-3.625,2.12,0
-116.495,-3.403,2.197,0
-116.487,-3.17,2.23,0
-116.469,-2.937,2.285,0
-116.461,-2.715,2.296,0
-116.453,-2.483,2.208,0
-116.445,-2.261,2.153,0
-116.436,-2.039,2.076,0
-116.428,-1.806,1.978,0
-116.42,-1.584,1.934,0
-116.412,-1.362,1.868,0
-116.403,-1.141,1.769,0
-116.395,-0.93,1.67,0
-116.387,-0.708,1.593,0
-116.378,-0.486,1.538,0
-116.379,-0.264,1.439,0
-116.371,-0.043,1.373,0
-116.363,0.179,1.329,0
-116.364,0.39,1.263,0
-116.355,0.612,1.198,0
-116.356,0.823,1.077,0
-116.348,1.033,0.956,0
-116.34,1.255,0.868,0
-116.331,1.477,0.824,0
-116.332,1.699,0.802,0
-116.333,1.909,0.692,0
-116.325,2.131,0.604,0
-116.326,2.353,0.527,0
-116.317,2.575,0.428,0
-116.318,2.797,0.341,0
-116.319,3.018,0.275,0
-116.311,3.24,0.187,0
-116.312,3.462,0.066,0
-116.313,3.695,359.989,0
-116.314,3.917,359.956,0
-116.305,4.15,359.879,0
-116.306,4.371,359.78,0
-116.307,4.604,359.67,0
-116.308,4.826,359.594,0
-116.309,5.059,359.539,0
-116.319,5.281,359.517,0
-116.32,5.514,359.484,0
-116.321,5.735,359.429,0
-116.322,5.968,359.484,0
-116.323,6.19,359.572,0
-116.324,6.423,359.648,0
-116.325,6.645,359.824,0
-116.325,6.866,0.066,0
-116.326,7.088,0.319,0
-116.327,7.31,0.56,0
-116.328,7.532,0.802,0
-116.32,7.754,1.022,0
-116.321,7.975,1.219,0
-116.312,8.197,1.483,0
-116.313,8.408,1.747,0
-116.305,8.619,1.967,0
-116.297,8.829,2.197,0
-116.288,9.04,2.395,0
-116.28,9.251,2.604,0
-116.263,9.451,2.823,0
-116.254,9.661,3.021,0
-116.246,9.883,3.142,0
-116.228,10.083,3.23,0
-116.22,10.316,3.34,0
-116.203,10.538,3.483,0
-116.195,10.759,3.538,0
-116.177,10.959,3.625,0
-116.169,11.181,3.702,0
-116.151,11.403,3.735,0
-116.143,11.625,3.79,0
-116.126,11.835,3.889,0
-116.108,12.057,3.933,0
-116.091,12.279,3.955,0
-116.083,12.501,4.021,0
-116.065,12.701,4.131,0
-116.048,12.9,4.186,0
-116.03,13.1,4.241,0
-116.022,13.322,4.296,0
-115.995,13.522,4.351,0
-115.978,13.721,4.395,0
-115.96,13.932,4.493,0
-115.943,14.132,4.526,0
-115.925,14.342,4.548,0
-115.908,14.542,4.625,0
-115.89,14.753,4.702,0
-115.873,14.975,4.757,0
-115.856,15.185,4.823,0
-115.838,15.385,4.9,0
-115.821,15.596,4.933,0
-115.803,15.807,4.977,0
-115.786,16.006,5.043,0
-115.768,16.217,5.142,0
-115.742,16.428,5.153,0
-115.724,16.639,5.175,0
-115.707,16.838,5.24,0
-115.689,17.049,5.339,0
-115.663,17.26,5.405,0
-115.645,17.46,5.482,0
-115.628,17.659,5.537,0
-115.61,17.87,5.559,0
-115.584,18.081,5.614,0
-115.566,18.281,5.669,0
-115.54,18.491,5.724,0
-115.522,18.691,5.768,0
-115.495,18.902,5.812,0
-115.478,19.113,5.889,0
-115.451,19.312,5.988,0
-115.434,19.523,6.086,0
-115.407,19.723,6.262,0
-115.39,19.934,6.438,0
-115.363,20.144,6.691,0
-115.337,20.344,6.943,0
-115.319,20.544,7.328,0
-115.292,20.744,7.646,0
-115.266,20.954,7.965,0
-115.239,21.154,8.383,0
-115.213,21.354,8.888,0
-115.177,21.554,9.415,0
-115.15,21.753,9.954,0
-115.105,21.964,10.756,0
-115.07,22.175,11.525,0
-115.025,22.375,12.25,0
-114.971,22.586,13.085,0
-114.926,22.797,13.997,0
-114.881,22.996,14.865,0
-114.827,23.196,15.82,0
-114.764,23.396,16.886,0
-114.7,23.607,18.073,0
-114.637,23.807,19.38,0
-114.574,24.007,20.654,0
-114.492,24.196,21.918,0
-114.42,24.384,23.324,0
-114.329,24.573,24.774,0
-114.239,24.773,26.312,0
-114.148,24.962,28.07,0
-114.039,25.151,29.674,0
-113.93,25.329,31.531,0
-113.821,25.507,33.409,0
-113.703,25.685,35.431,0
-113.585,25.852,37.463,0
-113.457,26.018,39.584,0
-113.33,26.174,41.649,0
-113.184,26.33,43.879,0
-113.038,26.475,46.165,0
-112.883,26.62,48.417,0
-112.729,26.753,50.867,0
-112.564,26.887,53.448,0
-112.391,26.999,56.063,0
-112.209,27.121,58.832,0
-112.026,27.222,61.49,0
-111.844,27.311,64.248,0
-111.661,27.401,66.918,0
-111.469,27.468,69.653,0
-111.278,27.535,72.268,0
-111.068,27.603,75.234,0
-110.867,27.659,77.75,0
-110.666,27.693,79.958,0
-110.465,27.727,81.859,0
-110.254,27.75,83.573,0
-110.044,27.773,84.968,0
-109.843,27.785,85.935,0
-109.642,27.797,86.814,0
-109.432,27.809,87.682,0
-109.231,27.821,88.473,0
-109.029,27.833,89.044,0
-108.828,27.845,89.473,0
-108.618,27.845,89.692,0
-108.408,27.857,89.824,0
-108.206,27.858,89.813,0
-107.996,27.848,89.923,0
-107.786,27.849,89.967,0
-107.585,27.838,89.945,0
-107.383,27.839,89.989,0
-107.182,27.829,90.022,0
-106.972,27.83,90.055,0
-106.762,27.831,90.11,0
-106.542,27.82,90.121,0
-106.332,27.821,90.165,0
-106.121,27.811,90.22,0
-105.911,27.812,90.198,0
-105.71,27.813,90.286,0
-105.5,27.813,90.319,0
-105.289,27.814,90.297,0
-105.079,27.815,90.33,0
-104.86,27.816,90.406,0
-104.649,27.817,90.417,0
-104.439,27.818,90.461,0
-104.229,27.83,90.472,0
-104.018,27.819,90.516,0
-103.808,27.82,90.494,0
-103.588,27.821,90.516,0
-103.369,27.833,90.593,0
-103.159,27.834,90.593,0
-102.957,27.812,90.56,0
-102.756,27.813,90.615,0
-102.555,27.803,90.714,0
-102.345,27.793,90.747,0
-102.144,27.793,90.758,0
-101.942,27.783,90.78,0
-101.741,27.773,90.824,0
-101.54,27.774,90.813,0
-101.33,27.763,90.857,0
-101.128,27.753,90.912,0
-100.918,27.743,90.89,0
-100.708,27.744,90.857,0
-100.507,27.745,90.901,0
-100.296,27.745,90.956,0
-100.095,27.746,90.978,0
-99.894,27.747,91.011,0
-99.693,27.737,91,0
-99.482,27.726,91,0
-99.272,27.716,90.945,0
-99.071,27.706,90.89,0
-98.86,27.696,90.813,0
-98.65,27.697,90.681,0
-98.44,27.686,90.56,0
-98.238,27.676,90.516,0
-98.037,27.677,90.428,0
-97.836,27.678,90.341,0
-97.635,27.678,90.209,0
-97.434,27.668,90.044,0
-97.233,27.669,89.967,0
-97.031,27.67,89.868,0
-96.83,27.659,89.725,0
-96.629,27.66,89.615,0
-96.428,27.661,89.495,0
-96.227,27.662,89.352,0
-96.025,27.663,89.275,0
-95.806,27.663,89.121,0
-95.605,27.675,88.967,0
-95.385,27.676,88.846,0
-95.166,27.688,88.77,0
-94.965,27.689,88.473,0
-94.764,27.69,88.297,0
-94.544,27.702,88.253,0
-94.343,27.703,88.11,0
-94.133,27.703,87.847,0
-93.932,27.715,87.715,0
-93.73,27.716,87.627,0
-93.52,27.728,87.506,0
-93.31,27.74,87.319,0
-93.109,27.741,87.144,0
-92.898,27.742,87.023,0
-92.688,27.754,86.891,0
-92.478,27.765,86.704,0
-92.258,27.777,86.572,0
-92.057,27.789,86.473,0
-91.847,27.801,86.342,0
-91.637,27.813,86.188,0
-91.436,27.825,86.067,0
-91.225,27.837,85.99,0
-91.024,27.86,85.913,0
-90.823,27.872,85.803,0
-90.622,27.884,85.759,0
-90.421,27.896,85.704,0
-90.22,27.919,85.649,0
-90.01,27.931,85.616,0
-89.808,27.942,85.529,0
-89.607,27.954,85.54,0
-89.397,27.966,85.605,0
-89.187,27.989,85.737,0
-88.986,28.001,85.913,0
-88.775,28.013,86.034,0
-88.574,28.025,86.188,0
-88.373,28.037,86.298,0
-88.163,28.038,86.473,0
-87.953,28.061,86.627,0
-87.742,28.062,86.737,0
-87.541,28.073,86.847,0
-87.331,28.085,87.023,0
-87.121,28.097,87.155,0
-86.91,28.098,87.297,0
-86.709,28.11,87.407,0
-86.499,28.122,87.484,0
-86.289,28.134,87.561,0
-86.078,28.135,87.55,0
-85.859,28.147,87.616,0
-85.649,28.159,87.649,0
-85.438,28.159,87.627,0
-85.228,28.16,87.682,0
-85.018,28.172,87.726,0
-84.817,28.184,87.759,0
-84.606,28.196,87.814,0
-84.396,28.197,87.792,0
-84.186,28.209,87.858,0
-83.975,28.21,87.847,0
-83.774,28.222,87.902,0
-83.564,28.222,87.968,0
-83.363,28.234,87.946,0
-83.162,28.235,87.968,0
-82.951,28.236,88.022,0
-82.75,28.248,88.066,0
-82.531,28.249,88.121,0
-82.33,28.249,88.165,0
-82.128,28.261,88.187,0
-81.918,28.262,88.264,0
-81.717,28.263,88.297,0
-81.498,28.275,88.374,0
-81.296,28.276,88.44,0
-81.095,28.277,88.506,0
-80.885,28.277,88.539,0
-80.675,28.289,88.594,0
-80.455,28.29,88.693,0
-80.245,28.291,88.748,0
-80.025,28.292,88.792,0
-79.806,28.304,88.835,0
-79.605,28.305,88.901,0
-79.404,28.305,88.967,0
-79.202,28.306,89.033,0
-78.992,28.307,89.088,0
-78.782,28.319,89.143,0
-78.581,28.32,89.231,0
-78.37,28.321,89.297,0
-78.16,28.322,89.374,0
-77.959,28.322,89.44,0
-77.749,28.323,89.517,0
-77.538,28.324,89.561,0
-77.328,28.325,89.604,0
-77.118,28.326,89.692,0
-76.898,28.327,89.78,0
-76.688,28.327,89.846,0
-76.477,28.317,89.879,0
-76.258,28.318,89.934,0
-76.048,28.319,90.033,0
-75.837,28.32,90.143,0
-75.627,28.321,90.187,0
-75.408,28.321,90.231,0
-75.197,28.311,90.308,0
-74.987,28.312,90.308,0
-74.777,28.302,90.275,0
-74.557,28.303,90.352,0
-74.347,28.303,90.363,0
-74.136,28.304,90.33,0
-73.917,28.294,90.341,0
-73.707,28.295,90.396,0
-73.496,28.296,90.396,0
-73.286,28.297,90.319,0
-73.085,28.286,90.286,0
-72.884,28.287,90.275,0
-72.682,28.288,90.231,0
-72.481,28.278,90.143,0
-72.28,28.278,90.066,0
-72.07,28.279,89.978,0
-71.869,28.269,89.901,0
-71.667,28.27,89.857,0
-71.448,28.271,89.813,0
-71.247,28.271,89.736,0
-71.046,28.272,89.648,0
-70.826,28.273,89.604,0
-70.625,28.274,89.495,0
-70.405,28.275,89.396,0
-70.186,28.276,89.341,0
-69.967,28.277,89.198,0
-69.765,28.277,89.121,0
-69.555,28.278,89.022,0
-69.336,28.279,88.923,0
-69.125,28.28,88.89,0
-68.906,28.281,88.792,0
-68.695,28.282,88.682,0
-68.476,28.282,88.693,0
-68.266,28.294,88.715,0
-68.055,28.295,88.616,0
-67.854,28.296,88.517,0
-67.635,28.297,88.462,0
-67.425,28.309,88.44,0
-67.223,28.31,88.44,0
-67.004,28.311,88.451,0
-66.784,28.311,88.451,0
-66.565,28.323,88.462,0
-66.364,28.324,88.473,0
-66.144,28.325,88.517,0
-65.925,28.337,88.583,0
-65.706,28.338,88.693,0
-65.486,28.339,88.748,0
-65.285,28.351,88.835,0
-65.065,28.352,89.022,0
-64.846,28.352,89.198,0
-64.645,28.353,89.319,0
-64.425,28.354,89.451,0
-64.206,28.355,89.539,0
-63.986,28.356,89.648,0
-63.767,28.368,89.901,0
-63.566,28.369,90.044,0
-63.346,28.358,90.066,0
-63.145,28.359,90.165,0
-62.944,28.36,90.341,0
-62.743,28.361,90.472,0
-62.542,28.362,90.538,0
-62.34,28.351,90.637,0
-62.13,28.352,90.736,0
-61.929,28.353,90.802,0
-61.728,28.343,90.835,0
-61.517,28.343,90.857,0
-61.307,28.333,90.846,0
-61.097,28.334,90.802,0
-60.886,28.324,90.725,0
-60.685,28.325,90.692,0
-60.466,28.326,90.703,0
-60.255,28.326,90.659,0
-60.045,28.316,90.56,0
-59.826,28.317,90.483,0
-59.606,28.307,90.472,0
-59.396,28.308,90.417,0
-59.176,28.308,90.297,0
-58.957,28.298,90.187,0
-58.737,28.299,90.088,0
-58.527,28.3,90.011,0
-58.308,28.301,89.989,0
-58.088,28.291,89.901,0
-57.869,28.291,89.813,0
-57.649,28.292,89.758,0
-57.43,28.293,89.681,0
-57.21,28.294,89.615,0
-57.009,28.295,89.561,0
-56.79,28.296,89.506,0
-56.57,28.297,89.429,0
-56.369,28.297,89.363,0
-56.15,28.309,89.363,0
-55.93,28.31,89.363,0
-55.711,28.311,89.308,0
-55.491,28.312,89.275,0
-55.272,28.313,89.253,0
-55.052,28.314,89.275,0
-54.842,28.315,89.33,0
-54.622,28.316,89.396,0
-54.403,28.316,89.451,0
-54.202,28.317,89.539,0
-53.982,28.318,89.681,0
-53.772,28.319,89.802,0
-53.562,28.32,89.857,0
-53.342,28.321,89.956,0
-53.132,28.321,90.066,0
-52.922,28.322,90.132,0
-52.711,28.323,90.231,0
-52.501,28.324,90.33,0
-52.291,28.314,90.406,0
-52.08,28.315,90.472,0
-51.87,28.304,90.582,0
-51.66,28.305,90.725,0
-51.449,28.306,90.791,0
-51.239,28.296,90.846,0
-51.029,28.297,90.945,0
-50.818,28.297,90.989,0
-50.608,28.287,91.055,0
-50.407,28.288,91.11,0
-50.196,28.278,91.121,0
-49.995,28.267,91.143,0
-49.794,28.268,91.208,0
-49.593,28.258,91.263,0
-49.392,28.259,91.274,0
-49.172,28.249,91.274,0
-48.953,28.249,91.34,0
-48.733,28.239,91.351,0
-48.523,28.229,91.274,0
-48.303,28.23,91.296,0
-48.084,28.22,91.351,0
-47.874,28.22,91.296,0
-47.672,28.21,91.208,0
-47.453,28.2,91.208,0
-47.243,28.201,91.208,0
-47.041,28.202,91.143,0
-46.831,28.191,91.077,0
-46.63,28.192,91.055,0
-46.429,28.182,90.967,0
-46.227,28.183,90.923,0
-46.008,28.172,90.89,0
-45.807,28.173,90.835,0
-45.606,28.174,90.725,0
-45.404,28.164,90.67,0
-45.203,28.165,90.67,0
-45.002,28.165,90.648,0
-44.801,28.155,90.571,0
-44.6,28.156,90.505,0
-44.389,28.146,90.494,0
-44.188,28.146,90.417,0
-43.978,28.147,90.363,0
-43.777,28.148,90.33,0
-43.566,28.138,90.286,0
-43.356,28.139,90.198,0
-43.146,28.14,90.176,0
-42.935,28.14,90.176,0
-42.725,28.13,90.154,0
-42.515,28.131,90.11,0
-42.295,28.132,90.077,0
-42.085,28.133,90.033,0
-41.865,28.122,90.011,0
-41.646,28.123,89.989,0
-41.445,28.124,89.989,0
-41.225,28.125,89.967,0
-41.006,28.126,89.923,0
-40.786,28.127,89.967,0
-40.567,28.128,90.011,0
-40.366,28.128,89.989,0
-40.146,28.118,89.956,0
-39.945,28.119,89.967,0
-39.726,28.12,89.978,0
-39.524,28.121,89.989,0
-39.305,28.122,89.967,0
-39.085,28.122,89.978,0
-38.884,28.112,89.978,0
-38.665,28.113,89.967,0
-38.445,28.114,90,0
-38.226,28.115,90.011,0
-38.006,28.116,89.978,0
-37.787,28.117,89.967,0
-37.586,28.117,89.923,0
-37.366,28.118,89.868,0
-37.147,28.119,89.769,0
-36.927,28.12,89.648,0
-36.708,28.121,89.473,0
-36.488,28.122,89.33,0
-36.269,28.123,89.231,0
-36.05,28.135,89.121,0
-35.83,28.135,88.945,0
-35.629,28.136,88.813,0
-35.41,28.137,88.66,0
-35.199,28.138,88.506,0
-34.98,28.15,88.363,0
-34.76,28.151,88.22,0
-34.55,28.152,88.044,0
-34.331,28.164,87.891,0
-34.12,28.164,87.781,0
-33.901,28.176,87.66,0
-33.691,28.188,87.495,0
-33.48,28.189,87.341,0
-33.27,28.201,87.198,0
-33.06,28.213,87.056,0
-32.849,28.225,86.946,0
-32.639,28.237,86.858,0
-32.429,28.249,86.726,0
-32.219,28.25,86.594,0
-32.017,28.262,86.539,0
-31.807,28.285,86.495,0
-31.606,28.296,86.407,0
-31.405,28.297,86.342,0
-31.195,28.32,86.353,0
-30.994,28.332,86.364,0
-30.792,28.344,86.418,0
-30.582,28.356,86.495,0
-30.381,28.368,86.616,0
-30.18,28.38,86.726,0
-29.979,28.392,86.847,0
-29.778,28.404,87.012,0
-29.577,28.415,87.188,0
-29.375,28.427,87.33,0
-29.174,28.428,87.462,0
-28.973,28.44,87.627,0
-28.772,28.452,87.737,0
-28.571,28.453,87.891,0
-28.37,28.465,88.044,0
-28.169,28.465,88.187,0
-27.967,28.477,88.275,0
-27.766,28.478,88.418,0
-27.565,28.49,88.616,0
-27.364,28.502,88.781,0
-27.163,28.503,88.901,0
-26.962,28.503,89.033,0
-26.76,28.504,89.187,0
-26.559,28.505,89.308,0
-26.358,28.517,89.451,0
-26.157,28.518,89.594,0
-25.956,28.519,89.736,0
-25.755,28.519,89.835,0
-25.553,28.52,89.978,0
-25.352,28.521,90.154,0
-25.142,28.522,90.308,0
-24.941,28.523,90.417,0
-24.74,28.512,90.527,0
-24.538,28.513,90.659,0
-24.337,28.514,90.714,0
-24.118,28.504,90.802,0
-23.898,28.505,90.901,0
-23.697,28.494,90.945,0
-23.478,28.495,90.945,0
-23.276,28.496,91.022,0
-23.057,28.486,91.132,0
-22.856,28.487,91.165,0
-22.636,28.476,91.176,0
-22.435,28.477,91.252,0
-22.234,28.467,91.263,0
-22.014,28.457,91.285,0
-21.813,28.457,91.318,0
-21.612,28.458,91.351,0
-21.411,28.448,91.362,0
-21.2,28.449,91.362,0
-20.981,28.439,91.406,0
-20.761,28.44,91.461,0
-20.56,28.429,91.505,0
-20.35,28.43,91.505,0
-20.13,28.42,91.56,0
-19.911,28.421,91.571,0
-19.71,28.41,91.615,0
-19.499,28.411,91.659,0
-19.298,28.401,91.659,0
-19.079,28.391,91.626,0
-18.878,28.392,91.714,0
-18.667,28.381,91.769,0
-18.466,28.371,91.791,0
-18.265,28.361,91.813,0
-18.054,28.351,91.868,0
-17.844,28.34,91.846,0
-17.634,28.33,91.89,0
-17.433,28.331,91.923,0
-17.222,28.321,91.89,0
-17.012,28.31,91.945,0
-16.811,28.3,91.967,0
-16.609,28.301,91.978,0
-16.399,28.291,92.021,0
-16.189,28.28,92.032,0
-15.988,28.281,92.032,0
-15.768,28.271,92.087,0
-15.548,28.261,92.065,0
-15.347,28.262,92.109,0
-15.137,28.251,92.164,0
-14.927,28.241,92.23,0
-14.716,28.231,92.285,0
-14.515,28.22,92.417,0
-14.296,28.221,92.703,0
-14.094,28.211,92.999,0
-13.875,28.201,93.285,0
-13.674,28.179,93.593,0
-13.454,28.169,93.999,0
-13.253,28.148,94.395,0
-13.052,28.138,94.834,0
-12.832,28.116,95.35,0
-12.622,28.095,95.856,0
-12.411,28.074,96.339,0
-12.21,28.052,96.976,0
-12.009,28.031,97.657,0
-11.807,27.998,98.24,0
-11.606,27.966,98.899,0
-11.396,27.934,99.679,0
-11.176,27.901,100.448,0
-10.966,27.858,101.294,0
-10.746,27.814,102.283,0
-10.535,27.771,103.173,0
-10.325,27.716,104.172,0
-10.105,27.661,105.282,0
-9.895,27.596,106.414,0
-9.684,27.541,107.457,0
-9.492,27.475,108.468,0
-9.281,27.41,109.578,0
-9.071,27.333,110.621,0
-8.86,27.256,111.72,0
-8.658,27.168,112.885,0
-8.466,27.091,113.873,0
-8.283,27.003,114.862,0
-8.1,26.915,115.906,0
-7.907,26.827,116.993,0
-7.724,26.728,118.092,0
-7.541,26.629,119.257,0
-7.357,26.53,120.421,0
-7.183,26.42,121.575,0
-7,26.299,122.827,0
-6.817,26.189,124.211,0
-6.642,26.067,125.486,0
-6.477,25.935,126.837,0
-6.312,25.814,128.276,0
-6.147,25.681,129.749,0
-5.991,25.549,131.199,0
-5.835,25.416,132.792,0
-5.679,25.273,134.418,0
-5.523,25.107,136.241,0
-5.367,24.952,138.153,0
-5.238,24.798,139.834,0
-5.11,24.643,141.57,0
-4.981,24.477,143.646,0
-4.852,24.311,145.668,0
-4.733,24.134,147.645,0
-4.622,23.946,149.744,0
-4.512,23.758,151.842,0
-4.41,23.57,154.072,0
-4.318,23.382,156.292,0
-4.235,23.194,158.214,0
-4.161,22.994,160.444,0
-4.087,22.795,162.565,0
-4.022,22.585,164.443,0
-3.976,22.385,165.784,0
-3.92,22.175,167.19,0
-3.873,21.964,168.256,0
-3.836,21.765,168.992,0
-3.799,21.554,169.794,0
-3.761,21.355,170.431,0
-3.724,21.155,170.969,0
-3.696,20.956,171.409,0
-3.658,20.756,171.925,0
-3.63,20.546,172.31,0
-3.602,20.346,172.529,0
-3.574,20.147,172.804,0
-3.545,19.947,173.145,0
-3.517,19.736,173.419,0
-3.489,19.537,173.683,0
-3.47,19.326,173.947,0
-3.441,19.116,174.254,0
-3.422,18.916,174.529,0
-3.403,18.706,174.781,0
-3.384,18.495,175.034,0
-3.365,18.284,175.287,0
-3.355,18.052,175.518,0
-3.336,17.841,175.715,0
-3.317,17.63,175.891,0
-3.307,17.42,175.979,0
-3.288,17.209,176.067,0
-3.278,16.998,176.122,0
-3.258,16.799,176.144,0
-3.248,16.588,176.188,0
-3.229,16.389,176.221,0
-3.219,16.178,176.287,0
-3.2,15.978,176.309,0
-3.19,15.757,176.331,0
-3.18,15.535,176.375,0
-3.161,15.335,176.418,0
-3.151,15.125,176.429,0
-3.141,14.903,176.44,0
-3.122,14.692,176.462,0
-3.112,14.459,176.506,0
-3.102,14.238,176.528,0
-3.083,14.027,176.572,0
-3.073,13.816,176.616,0
-3.063,13.606,176.616,0
-3.053,13.395,176.627,0
-3.034,13.184,176.682,0
-3.015,12.963,176.704,0
-3.005,12.752,176.704,0
-2.995,12.53,176.715,0
-2.985,12.32,176.759,0
-2.965,12.12,176.792,0
-2.955,11.909,176.814,0
-2.936,11.688,176.847,0
-2.926,11.466,176.858,0
-2.907,11.244,176.858,0
-2.897,11.023,176.891,0
-2.878,10.812,176.924,0
-2.868,10.579,176.946,0
-2.858,10.368,176.957,0
-2.848,10.147,176.979,0
-2.829,9.925,177.023,0
-2.819,9.703,177.045,0
-2.809,9.493,177.078,0
-2.808,9.271,177.089,0
-2.789,9.049,177.1,0
-2.788,8.838,177.155,0
-2.778,8.617,177.231,0
-2.768,8.395,177.286,0
-2.758,8.184,177.33,0
-2.748,7.962,177.363,0
-2.738,7.741,177.429,0
-2.728,7.53,177.495,0
-2.718,7.308,177.561,0
-2.708,7.098,177.605,0
-2.698,6.876,177.638,0
-2.688,6.665,177.693,0
-2.678,6.443,177.759,0
-2.677,6.233,177.792,0
-2.667,6.011,177.814,0
-2.657,5.8,177.847,0
-2.656,5.59,177.913,0
-2.646,5.379,177.968,0
-2.636,5.157,178.033,0
-2.626,4.947,178.077,0
-2.616,4.714,178.132,0
-2.615,4.503,178.165,0
-2.605,4.292,178.231,0
-2.604,4.082,178.264,0
-2.603,3.871,178.308,0
-2.593,3.638,178.352,0
-2.583,3.405,178.418,0
-2.573,3.172,178.462,0
-2.563,2.94,178.55,0
-2.553,2.707,178.583,0
-2.552,2.474,178.605,0
-2.542,2.241,178.649,0
-2.541,2.019,178.726,0
-2.531,1.809,178.759,0
-2.53,1.576,178.792,0
-2.52,1.354,178.835,0
-2.519,1.121,178.901,0
-2.518,0.899,178.945,0
-2.508,0.678,179.011,0
-2.507,0.456,179.033,0
-2.506,0.223,179.066,0
-2.506,0.001,179.121,0
-2.496,-0.221,179.176,0
-2.495,-0.431,179.231,0
-2.494,-0.653,179.264,0
-2.493,-0.864,179.297,0
-2.492,-1.075,179.363,0
-2.482,-1.296,179.429,0
-2.481,-1.518,179.484,0
-2.48,-1.729,179.528,0
-2.48,-1.939,179.55,0
