-35.502,-26.735,269.033,0
-35.703,-26.713,269.044,0
-35.904,-26.725,268.978,0
-36.105,-26.726,268.934,0
-36.315,-26.727,268.934,0
-36.535,-26.739,268.934,0
-36.736,-26.739,268.945,0
-36.937,-26.74,268.978,0
-37.138,-26.752,269,0
-37.349,-26.753,269.033,0
-37.568,-26.754,269.055,0
-37.778,-26.755,269.044,0
-37.989,-26.756,269.044,0
-38.208,-26.767,269.077,0
-38.437,-26.768,269.099,0
-38.656,-26.769,269.099,0
-38.885,-26.781,269.11,0
-39.123,-26.782,269.165,0
-39.351,-26.783,269.275,0
-39.58,-26.784,269.341,0
-39.808,-26.796,269.297,0
-40.028,-26.797,269.33,0
-40.247,-26.798,269.308,0
-40.467,-26.799,269.286,0
-40.686,-26.8,269.429,0
-40.906,-26.8,269.67,0
-41.134,-26.801,269.824,0
-41.354,-26.802,269.758,0
-41.573,-26.803,269.714,0
-41.793,-26.793,269.703,0
-42.003,-26.794,269.736,0
-42.222,-26.795,269.868,0
-42.451,-26.795,269.978,0
-42.68,-26.796,269.934,0
-42.908,-26.797,269.901,0
-43.137,-26.798,269.956,0
-43.338,-26.788,270.022,0
-43.539,-26.789,270.066,0
-43.74,-26.79,270.077,0
-43.951,-26.79,270.11,0
-44.161,-26.791,270.154,0
-44.371,-26.792,270.176,0
-44.591,-26.782,270.176,0
-44.81,-26.783,270.187,0
-45.03,-26.784,270.209,0
-45.258,-26.773,270.231,0
-45.496,-26.774,270.264,0
-45.734,-26.775,270.297,0
-45.972,-26.765,270.33,0
-46.209,-26.766,270.352,0
-46.447,-26.767,270.363,0
-46.648,-26.768,270.352,0
-46.859,-26.758,270.352,0
-47.078,-26.759,270.374,0
-47.316,-26.748,270.406,0
-47.517,-26.749,270.428,0
-47.764,-26.75,270.45,0
-47.965,-26.751,270.483,0
-48.212,-26.741,270.516,0
-48.413,-26.742,270.538,0
-48.615,-26.742,270.549,0
-48.816,-26.743,270.56,0
-49.054,-26.733,270.593,0
-49.255,-26.734,270.637,0
-49.456,-26.735,270.692,0
-49.657,-26.724,270.758,0
-49.867,-26.725,270.824,0
-50.069,-26.726,270.89,0
-50.279,-26.716,270.967,0
-50.48,-26.717,271.055,0
-50.681,-26.717,271.154,0
-50.892,-26.707,271.23,0
-51.093,-26.708,271.329,0
-51.303,-26.698,271.428,0
-51.504,-26.687,271.527,0
-51.715,-26.688,271.626,0
-51.925,-26.678,271.725,0
-52.126,-26.679,271.824,0
-52.337,-26.669,271.945,0
-52.547,-26.658,272.065,0
-52.748,-26.648,272.186,0
-52.968,-26.638,272.296,0
-53.178,-26.639,272.406,0
-53.388,-26.628,272.516,0
-53.599,-26.618,272.626,0
-53.818,-26.608,272.747,0
-54.029,-26.598,272.867,0
-54.239,-26.587,272.999,0
-54.458,-26.577,273.12,0
-54.669,-26.556,273.263,0
-54.879,-26.546,273.395,0
-55.099,-26.535,273.527,0
-55.318,-26.525,273.647,0
-55.538,-26.504,273.768,0
-55.748,-26.494,273.9,0
-55.959,-26.483,274.043,0
-56.178,-26.462,274.197,0
-56.388,-26.452,274.34,0
-56.599,-26.431,274.482,0
-56.818,-26.409,274.614,0
-57.029,-26.399,274.735,0
-57.267,-26.378,274.856,0
-57.477,-26.356,274.966,0
-57.706,-26.335,275.065,0
-57.925,-26.314,275.12,0
-58.145,-26.293,275.142,0
-58.383,-26.271,275.109,0
-58.602,-26.261,275.032,0
-58.831,-26.24,274.922,0
-59.05,-26.218,274.768,0
-59.261,-26.197,274.581,0
-59.489,-26.187,274.362,0
-59.718,-26.166,274.109,0
-59.938,-26.155,273.812,0
-60.166,-26.145,273.494,0
-60.377,-26.135,273.131,0
-60.605,-26.114,272.758,0
-60.834,-26.104,272.417,0
-61.072,-26.093,272.098,0
-61.3,-26.094,271.791,0
-61.529,-26.084,271.494,0
-61.767,-26.074,271.219,0
-61.977,-26.075,270.945,0
-62.215,-26.076,270.703,0
-62.453,-26.066,270.549,0
-62.69,-26.067,270.428,0
-62.937,-26.068,270.33,0
-63.175,-26.069,270.231,0
-63.422,-26.07,270.176,0
-63.66,-26.071,270.143,0
-63.888,-26.071,270.11,0
-64.135,-26.061,270.077,0
-64.364,-26.062,270.044,0
-64.611,-26.063,270.033,0
-64.849,-26.064,270.033,0
-65.095,-26.065,270.044,0
-65.333,-26.066,270.044,0
-65.562,-26.067,270.055,0
-65.79,-26.068,270.033,0
-66.019,-26.069,270.011,0
-66.239,-26.059,270,0
-66.467,-26.06,270,0
-66.705,-26.06,270.011,0
-66.933,-26.061,270.033,0
-67.153,-26.062,270.033,0
-67.372,-26.063,270.033,0
-67.61,-26.064,270,0
-67.83,-26.065,269.967,0
-68.058,-26.066,269.923,0
-68.287,-26.067,269.879,0
-68.506,-26.068,269.846,0
-68.735,-26.069,269.813,0
-68.954,-26.069,269.78,0
-69.192,-26.07,269.736,0
-69.43,-26.071,269.692,0
-69.649,-26.072,269.648,0
-69.896,-26.073,269.615,0
-70.125,-26.074,269.561,0
-70.363,-26.075,269.495,0
-70.591,-26.076,269.418,0
-70.82,-26.077,269.352,0
-71.058,-26.078,269.297,0
-71.286,-26.079,269.242,0
-71.515,-26.091,269.187,0
-71.752,-26.092,269.132,0
-71.981,-26.093,269.077,0
-72.228,-26.094,269.033,0
-72.447,-26.106,268.978,0
-72.685,-26.107,268.934,0
-72.905,-26.107,268.89,0
-73.133,-26.119,268.835,0
-73.371,-26.12,268.813,0
-73.609,-26.121,268.792,0
-73.865,-26.122,268.781,0
-74.102,-26.134,268.781,0
-74.34,-26.135,268.77,0
-74.587,-26.136,268.77,0
-74.843,-26.148,268.77,0
-75.044,-26.149,268.781,0
-75.309,-26.15,268.802,0
-75.565,-26.151,268.824,0
-75.794,-26.163,268.846,0
-76.041,-26.164,268.868,0
-76.288,-26.165,268.901,0
-76.516,-26.177,268.934,0
-76.736,-26.178,268.978,0
-76.964,-26.179,269,0
-77.184,-26.191,269.011,0
-77.403,-26.192,269.033,0
-77.623,-26.193,269.055,0
-77.842,-26.194,269.099,0
-78.071,-26.206,269.154,0
-78.281,-26.206,269.209,0
-78.501,-26.207,269.264,0
-78.72,-26.208,269.308,0
-78.94,-26.209,269.363,0
-79.168,-26.21,269.44,0
-79.378,-26.211,269.517,0
-79.598,-26.212,269.594,0
-79.817,-26.224,269.692,0
-80.037,-26.225,269.78,0
-80.256,-26.225,269.846,0
-80.467,-26.226,269.923,0
-80.686,-26.216,269.989,0
-80.906,-26.217,270.066,0
-81.116,-26.218,270.165,0
-81.335,-26.219,270.242,0
-81.555,-26.219,270.297,0
-81.774,-26.22,270.341,0
-81.994,-26.221,270.374,0
-82.204,-26.222,270.428,0
-82.433,-26.212,270.472,0
-82.652,-26.213,270.505,0
-82.872,-26.214,270.527,0
-83.1,-26.215,270.56,0
-83.32,-26.204,270.593,0
-83.548,-26.205,270.637,0
-83.768,-26.206,270.659,0
-84.006,-26.196,270.681,0
-84.207,-26.197,270.692,0
-84.435,-26.198,270.692,0
-84.664,-26.199,270.714,0
-84.883,-26.188,270.736,0
-85.121,-26.189,270.78,0
-85.35,-26.19,270.813,0
-85.588,-26.18,270.824,0
-85.825,-26.181,270.824,0
-86.072,-26.182,270.813,0
-86.319,-26.172,270.802,0
-86.557,-26.173,270.813,0
-86.804,-26.163,270.835,0
-87.051,-26.164,270.857,0
-87.298,-26.165,270.879,0
-87.554,-26.155,270.89,0
-87.801,-26.156,270.89,0
-88.057,-26.146,270.868,0
-88.285,-26.146,270.835,0
-88.496,-26.147,270.802,0
-88.715,-26.137,270.78,0
-88.962,-26.138,270.758,0
-89.218,-26.139,270.736,0
-89.474,-26.129,270.703,0
-89.73,-26.13,270.67,0
-89.986,-26.131,270.615,0
-90.242,-26.121,270.56,0
-90.498,-26.122,270.483,0
-90.754,-26.123,270.406,0
-91.01,-26.124,270.341,0
-91.212,-26.125,270.275,0
-91.468,-26.126,270.187,0
-91.724,-26.127,270.099,0
-91.925,-26.128,270.033,0
-92.181,-26.129,269.956,0
-92.437,-26.13,269.868,0
-92.638,-26.131,269.802,0
-92.894,-26.132,269.714,0
-93.095,-26.132,269.659,0
-93.297,-26.133,269.604,0
-93.553,-26.134,269.517,0
-93.818,-26.135,269.451,0
-94.083,-26.136,269.396,0
-94.284,-26.148,269.374,0
-94.485,-26.149,269.341,0
-94.741,-26.15,269.308,0
-94.942,-26.151,269.264,0
-95.208,-26.152,269.22,0
-95.464,-26.164,269.165,0
-95.665,-26.165,269.143,0
-95.866,-26.166,269.121,0
-96.067,-26.166,269.11,0
-96.323,-26.178,269.099,0
-96.524,-26.179,269.088,0
-96.78,-26.18,269.055,0
-97.036,-26.192,269.022,0
-97.292,-26.193,268.978,0
-97.548,-26.194,268.967,0
-97.804,-26.207,268.967,0
-98.06,-26.208,268.989,0
-98.307,-26.22,269.033,0
-98.563,-26.221,269.088,0
-98.801,-26.222,269.143,0
-99.048,-26.223,269.198,0
-99.304,-26.235,269.275,0
-99.542,-26.236,269.374,0
-99.789,-26.237,269.495,0
-100.026,-26.238,269.615,0
-100.264,-26.239,269.747,0
-100.511,-26.24,269.868,0
-100.749,-26.252,269.989,0
-100.977,-26.241,270.132,0
-101.206,-26.242,270.286,0
-101.435,-26.243,270.439,0
-101.654,-26.244,270.582,0
-101.864,-26.245,270.714,0
-102.075,-26.246,270.846,0
-102.276,-26.235,270.978,0
-102.514,-26.236,271.154,0
-102.733,-26.226,271.351,0
-102.971,-26.227,271.527,0
-103.2,-26.217,271.703,0
-103.428,-26.207,271.857,0
-103.648,-26.208,272.043,0
-103.858,-26.197,272.252,0
-104.078,-26.187,272.45,0
-104.297,-26.177,272.626,0
-104.535,-26.167,272.791,0
-104.763,-26.157,272.988,0
-104.974,-26.146,273.23,0
-105.212,-26.125,273.483,0
-105.449,-26.115,273.757,0
-105.687,-26.105,274.054,0
-105.907,-26.084,274.373,0
-106.117,-26.062,274.702,0
-106.337,-26.041,275.043,0
-106.565,-26.02,275.405,0
-106.803,-25.998,275.779,0
-107.023,-25.977,276.174,0
-107.233,-25.945,276.57,0
-107.471,-25.923,276.965,0
-107.709,-25.891,277.328,0
-107.91,-25.87,277.614,0
-108.13,-25.837,277.987,0
-108.349,-25.805,278.372,0
-108.56,-25.773,278.767,0
-108.78,-25.74,279.141,0
-109.008,-25.697,279.569,0
-109.21,-25.664,279.899,0
-109.411,-25.632,280.195,0
-109.64,-25.588,280.547,0
-109.859,-25.545,280.909,0
-110.07,-25.49,281.305,0
-110.29,-25.447,281.7,0
-110.491,-25.392,282.118,0
-110.711,-25.338,282.546,0
-110.93,-25.294,282.876,0
-111.141,-25.239,283.195,0
-111.342,-25.196,283.524,0
-111.571,-25.13,283.975,0
-111.8,-25.065,284.524,0
-112.038,-24.999,285.15,0
-112.239,-24.944,285.754,0
-112.459,-24.868,286.589,0
-112.66,-24.802,287.38,0
-112.853,-24.736,288.248,0
-113.054,-24.659,289.193,0
-113.256,-24.582,290.226,0
-113.457,-24.506,291.357,0
-113.65,-24.407,292.863,0
-113.824,-24.308,294.521,0
-114.016,-24.22,295.961,0
-114.209,-24.121,297.411,0
-114.401,-24.021,298.861,0
-114.621,-23.911,300.256,0
-114.823,-23.801,301.674,0
-114.979,-23.669,303.464,0
-115.144,-23.536,305.618,0
-115.3,-23.382,307.694,0
-115.456,-23.249,309.144,0
-115.612,-23.117,310.583,0
-115.777,-22.94,312.682,0
-115.961,-22.775,314.528,0
-116.126,-22.62,316.055,0
-116.273,-22.465,317.593,0
-116.42,-22.288,319.471,0
-116.548,-22.123,321.042,0
-116.686,-21.957,322.559,0
-116.815,-21.791,324.009,0
-116.944,-21.636,325.129,0
-117.072,-21.448,326.481,0
-117.183,-21.271,327.821,0
-117.284,-21.061,329.436,0
-117.395,-20.873,330.776,0
-117.496,-20.685,332.073,0
-117.616,-20.486,333.358,0
-117.708,-20.275,334.666,0
-117.8,-20.076,335.962,0
-117.883,-19.877,337.258,0
-117.966,-19.666,338.61,0
-118.04,-19.456,339.972,0
-118.105,-19.257,341.323,0
-118.179,-19.035,342.686,0
-118.244,-18.814,344.026,0
-118.3,-18.592,345.344,0
-118.356,-18.382,346.63,0
-118.402,-18.149,347.805,0
-118.458,-17.916,348.882,0
-118.495,-17.695,349.882,0
-118.542,-17.451,350.782,0
-118.57,-17.229,351.584,0
-118.599,-16.996,352.343,0
-118.627,-16.764,353.024,0
-118.656,-16.52,353.628,0
-118.684,-16.276,354.188,0
-118.712,-16.032,354.716,0
-118.722,-15.799,355.199,0
-118.742,-15.555,355.638,0
-118.761,-15.311,356.012,0
-118.78,-15.056,356.342,0
-118.79,-14.801,356.605,0
-118.81,-14.546,356.814,0
-118.82,-14.291,357.034,0
-118.83,-14.081,357.188,0
-118.84,-13.826,357.352,0
-118.85,-13.615,357.462,0
-118.86,-13.404,357.561,0
-118.87,-13.183,357.649,0
-118.88,-12.972,357.737,0
-118.89,-12.761,357.847,0
-118.891,-12.539,357.946,0
-118.901,-12.329,358.055,0
-118.911,-12.118,358.132,0
-118.912,-11.907,358.187,0
-118.922,-11.686,358.242,0
-118.932,-11.475,358.308,0
-118.933,-11.264,358.385,0
-118.943,-11.043,358.495,0
-118.953,-10.832,358.627,0
-118.953,-10.621,358.759,0
-118.963,-10.411,358.868,0
-118.964,-10.189,358.967,0
-118.974,-9.978,359.033,0
-118.975,-9.767,359.121,0
-118.976,-9.557,359.209,0
-118.986,-9.346,359.308,0
-118.987,-9.135,359.385,0
-118.988,-8.925,359.429,0
-118.998,-8.703,359.44,0
-118.999,-8.448,359.407,0
-119,-8.226,359.363,0
-119.01,-7.971,359.253,0
-119.011,-7.749,359.143,0
-119.021,-7.539,359.022,0
-119.021,-7.317,358.879,0
-119.022,-7.095,358.737,0
-119.032,-6.884,358.583,0
-119.042,-6.663,358.418,0
-119.052,-6.452,358.286,0
-119.062,-6.23,358.209,0
-119.063,-5.997,358.165,0
-119.073,-5.787,358.143,0
-119.083,-5.554,358.143,0
-119.093,-5.343,358.176,0
-119.094,-5.132,358.209,0
-119.104,-4.911,358.264,0
-119.114,-4.689,358.341,0
-119.124,-4.467,358.429,0
-119.134,-4.245,358.539,0
-119.135,-4.024,358.649,0
-119.145,-3.791,358.792,0
-119.155,-3.58,358.934,0
-119.156,-3.347,359.11,0
-119.157,-3.137,359.308,0
-119.167,-2.904,359.528,0
-119.168,-2.682,359.747,0
-119.169,-2.471,359.967,0
-119.17,-2.249,0.198,0
-119.171,-2.028,0.417,0
-119.171,-1.806,0.626,0
-119.163,-1.584,0.824,0
-119.164,-1.373,1.011,0
-119.156,-1.152,1.219,0
-119.157,-0.93,1.428,0
-119.148,-0.719,1.626,0
-119.149,-0.497,1.824,0
-119.141,-0.242,2.087,0
-119.133,-0.031,2.274,0
-119.124,0.179,2.417,0
-119.107,0.39,2.527,0
-119.099,0.612,2.626,0
-119.09,0.823,2.725,0
-119.082,1.033,2.802,0
-119.074,1.289,2.9,0
-119.057,1.51,2.933,0
-119.048,1.721,2.922,0
-119.04,1.932,2.878,0
-119.032,2.143,2.867,0
-119.014,2.364,2.834,0
-119.006,2.575,2.791,0
-118.998,2.797,2.78,0
-118.989,3.008,2.791,0
-118.981,3.23,2.812,0
-118.964,3.44,2.823,0
-118.955,3.662,2.823,0
-118.947,3.884,2.834,0
-118.939,4.106,2.845,0
-118.921,4.328,2.856,0
-118.913,4.538,2.878,0
-118.905,4.76,2.933,0
-118.897,4.982,2.977,0
-118.879,5.204,2.977,0
-118.871,5.426,2.955,0
-118.863,5.648,2.955,0
-118.845,5.881,2.966,0
-118.837,6.102,2.966,0
-118.829,6.335,2.977,0
-118.821,6.557,2.977,0
-118.803,6.779,2.944,0
-118.795,7.012,2.878,0
-118.787,7.234,2.812,0
-118.778,7.455,2.78,0
-118.761,7.688,2.78,0
-118.753,7.91,2.791,0
-118.745,8.132,2.78,0
-118.736,8.365,2.769,0
-118.728,8.587,2.747,0
-118.711,8.809,2.681,0
-118.702,9.042,2.648,0
-118.694,9.263,2.615,0
-118.686,9.485,2.571,0
-118.678,9.718,2.538,0
-118.67,9.951,2.494,0
-118.661,10.173,2.417,0
-118.653,10.406,2.296,0
-118.645,10.639,2.175,0
-118.637,10.861,2.032,0
-118.628,11.093,1.89,0
-118.62,11.326,1.747,0
-118.612,11.548,1.637,0
-118.613,11.781,1.516,0
-118.605,12.014,1.406,0
-118.596,12.247,1.34,0
-118.597,12.48,1.296,0
-118.589,12.702,1.263,0
-118.59,12.934,1.23,0
-118.582,13.156,1.208,0
-118.583,13.389,1.23,0
-118.574,13.611,1.23,0
-118.575,13.833,1.219,0
-118.567,14.055,1.23,0
-118.559,14.276,1.252,0
-118.56,14.498,1.285,0
-118.551,14.72,1.318,0
-118.552,14.942,1.351,0
-118.544,15.153,1.362,0
-118.545,15.374,1.362,0
-118.536,15.585,1.384,0
-118.528,15.807,1.439,0
-118.529,16.018,1.505,0
-118.521,16.228,1.56,0
-118.512,16.439,1.637,0
-118.513,16.65,1.714,0
-118.505,16.872,1.802,0
-118.497,17.127,1.945,0
-118.489,17.337,2.076,0
-118.489,17.548,2.219,0
-118.472,17.803,2.373,0
-118.464,18.025,2.494,0
-118.456,18.269,2.692,0
-118.447,18.48,2.878,0
-118.439,18.724,3.142,0
-118.422,18.979,3.384,0
-118.414,19.212,3.625,0
-118.396,19.445,3.867,0
-118.379,19.656,4.153,0
-118.371,19.866,4.493,0
-118.353,20.099,4.999,0
-118.336,20.299,5.482,0
-118.309,20.521,6.086,0
-118.292,20.721,6.636,0
-118.265,20.92,7.207,0
-118.248,21.12,7.822,0
-118.212,21.353,8.613,0
-118.176,21.586,9.459,0
-118.141,21.808,10.195,0
-118.105,22.019,10.975,0
-118.069,22.23,11.832,0
-118.015,22.452,12.986,0
-117.97,22.651,14.106,0
-117.907,22.862,15.601,0
-117.853,23.073,16.941,0
-117.79,23.284,18.369,0
-117.727,23.506,19.841,0
-117.636,23.717,21.621,0
-117.564,23.917,23.071,0
-117.491,24.117,24.489,0
-117.401,24.328,25.917,0
-117.292,24.55,27.62,0
-117.183,24.762,29.355,0
-117.083,24.939,30.784,0
-116.983,25.117,32.179,0
-116.874,25.306,33.53,0
-116.756,25.506,35.211,0
-116.62,25.695,36.881,0
-116.483,25.884,38.518,0
-116.365,26.051,39.935,0
-116.22,26.229,41.704,0
-116.065,26.385,43.857,0
-115.91,26.552,45.714,0
-115.755,26.719,47.615,0
-115.6,26.853,49.625,0
-115.436,27.009,51.691,0
-115.272,27.153,53.767,0
-115.108,27.298,55.459,0
-114.935,27.443,57.458,0
-114.753,27.544,59.546,0
-114.579,27.644,61.688,0
-114.378,27.745,64.16,0
-114.187,27.845,66.204,0
-113.995,27.924,68.214,0
-113.803,28.002,70.214,0
-113.603,28.081,72.136,0
-113.393,28.148,74.147,0
-113.192,28.204,75.707,0
-112.982,28.272,77.113,0
-112.781,28.328,78.398,0
-112.57,28.373,79.629,0
-112.351,28.407,80.936,0
-112.132,28.452,81.881,0
-111.913,28.498,82.628,0
-111.711,28.521,83.21,0
-111.51,28.555,83.551,0
-111.291,28.578,83.782,0
-111.09,28.612,83.914,0
-110.861,28.635,84.078,0
-110.66,28.669,84.232,0
-110.459,28.692,84.353,0
-110.24,28.715,84.452,0
-110.039,28.738,84.562,0
-109.81,28.772,84.683,0
-109.591,28.784,84.803,0
-109.372,28.818,84.924,0
-109.143,28.841,85.034,0
-108.915,28.864,85.155,0
-108.686,28.887,85.287,0
-108.458,28.911,85.441,0
-108.229,28.934,85.583,0
-107.991,28.946,85.715,0
-107.754,28.969,85.825,0
-107.507,28.992,85.924,0
-107.269,29.004,86.023,0
-107.068,29.027,86.122,0
-106.867,29.039,86.232,0
-106.666,29.051,86.342,0
-106.465,29.063,86.462,0
-106.255,29.086,86.572,0
-106.044,29.098,86.682,0
-105.834,29.11,86.77,0
-105.615,29.121,86.858,0
-105.404,29.133,86.957,0
-105.185,29.145,87.078,0
-104.956,29.168,87.231,0
-104.737,29.169,87.396,0
-104.517,29.181,87.583,0
-104.289,29.193,87.781,0
-104.069,29.205,87.979,0
-103.841,29.217,88.176,0
-103.612,29.218,88.363,0
-103.375,29.23,88.528,0
-103.146,29.242,88.704,0
-102.917,29.243,88.89,0
-102.689,29.255,89.088,0
-102.46,29.256,89.275,0
-102.223,29.257,89.462,0
-101.994,29.269,89.626,0
-101.756,29.27,89.78,0
-101.528,29.271,89.945,0
-101.299,29.272,90.11,0
-101.061,29.273,90.275,0
-100.833,29.274,90.417,0
-100.604,29.275,90.549,0
-100.375,29.275,90.637,0
-100.147,29.265,90.67,0
-99.909,29.266,90.648,0
-99.68,29.267,90.615,0
-99.452,29.268,90.582,0
-99.214,29.269,90.549,0
-98.976,29.27,90.516,0
-98.739,29.26,90.483,0
-98.51,29.261,90.45,0
-98.263,29.273,90.417,0
-98.025,29.274,90.385,0
-97.788,29.275,90.385,0
-97.55,29.276,90.396,0
-97.33,29.276,90.406,0
-97.084,29.277,90.428,0
-96.846,29.278,90.461,0
-96.617,29.268,90.483,0
-96.37,29.269,90.494,0
-96.142,29.27,90.505,0
-95.895,29.271,90.527,0
-95.666,29.272,90.571,0
-95.428,29.273,90.626,0
-95.191,29.263,90.692,0
-94.953,29.264,90.758,0
-94.715,29.265,90.802,0
-94.477,29.266,90.824,0
-94.24,29.256,90.835,0
-94.002,29.256,90.879,0
-93.764,29.257,90.934,0
-93.526,29.247,91.011,0
-93.288,29.248,91.077,0
-93.051,29.249,91.132,0
-92.813,29.239,91.165,0
-92.575,29.24,91.187,0
-92.328,29.23,91.219,0
-92.091,29.231,91.241,0
-91.853,29.232,91.274,0
-91.615,29.222,91.318,0
-91.377,29.223,91.362,0
-91.13,29.212,91.395,0
-90.893,29.213,91.428,0
-90.664,29.203,91.461,0
-90.426,29.193,91.505,0
-90.188,29.194,91.527,0
-89.941,29.184,91.549,0
-89.713,29.185,91.571,0
-89.475,29.175,91.604,0
-89.237,29.176,91.637,0
-88.999,29.165,91.681,0
-88.762,29.155,91.714,0
-88.524,29.156,91.725,0
-88.277,29.146,91.714,0
-88.03,29.136,91.692,0
-87.801,29.137,91.67,0
-87.564,29.127,91.648,0
-87.326,29.117,91.615,0
-87.097,29.118,91.538,0
-86.859,29.107,91.395,0
-86.622,29.108,91.208,0
-86.393,29.098,91,0
-86.155,29.099,90.769,0
-85.927,29.1,90.538,0
-85.698,29.101,90.308,0
-85.46,29.102,90.099,0
-85.232,29.103,89.901,0
-84.994,29.104,89.736,0
-84.756,29.105,89.604,0
-84.528,29.106,89.495,0
-84.281,29.107,89.418,0
-84.052,29.108,89.363,0
-83.814,29.12,89.319,0
-83.586,29.121,89.275,0
-83.357,29.121,89.242,0
-83.119,29.122,89.242,0
-82.882,29.134,89.242,0
-82.653,29.135,89.253,0
-82.415,29.136,89.275,0
-82.187,29.148,89.308,0
-81.949,29.149,89.33,0
-81.721,29.15,89.385,0
-81.492,29.151,89.451,0
-81.263,29.152,89.528,0
-81.035,29.164,89.637,0
-80.806,29.165,89.758,0
-80.578,29.166,89.868,0
-80.349,29.167,89.956,0
-80.12,29.168,90.055,0
-79.901,29.168,90.165,0
-79.672,29.169,90.286,0
-79.453,29.159,90.417,0
-79.224,29.16,90.527,0
-78.996,29.161,90.637,0
-78.767,29.162,90.736,0
-78.538,29.163,90.824,0
-78.319,29.153,90.901,0
-78.09,29.154,90.989,0
-77.862,29.154,91.088,0
-77.642,29.144,91.165,0
-77.414,29.145,91.241,0
-77.194,29.135,91.307,0
-76.965,29.136,91.351,0
-76.737,29.126,91.395,0
-76.517,29.126,91.428,0
-76.279,29.116,91.472,0
-76.051,29.117,91.505,0
-75.831,29.107,91.527,0
-75.594,29.097,91.549,0
-75.374,29.098,91.56,0
-75.145,29.088,91.582,0
-74.917,29.089,91.582,0
-74.688,29.078,91.593,0
-74.46,29.068,91.593,0
-74.24,29.069,91.604,0
-74.002,29.059,91.637,0
-73.765,29.06,91.659,0
-73.536,29.05,91.681,0
-73.307,29.039,91.681,0
-73.088,29.04,91.67,0
-72.85,29.03,91.637,0
-72.621,29.02,91.593,0
-72.402,29.021,91.538,0
-72.173,29.011,91.472,0
-71.945,29.012,91.384,0
-71.716,29.001,91.285,0
-71.497,29.002,91.176,0
-71.268,28.992,91.066,0
-71.039,28.993,90.956,0
-70.82,28.994,90.857,0
-70.6,28.984,90.736,0
-70.372,28.985,90.648,0
-70.152,28.986,90.56,0
-69.924,28.986,90.45,0
-69.713,28.976,90.352,0
-69.485,28.977,90.231,0
-69.265,28.978,90.099,0
-69.046,28.979,89.978,0
-68.817,28.98,89.89,0
-68.607,28.992,89.824,0
-68.387,28.993,89.736,0
-68.168,28.993,89.626,0
-67.958,28.994,89.506,0
-67.738,28.995,89.407,0
-67.528,28.996,89.308,0
-67.308,28.997,89.231,0
-67.098,29.009,89.165,0
-66.888,29.01,89.077,0
-66.668,29.01,88.989,0
-66.467,29.011,88.912,0
-66.257,29.023,88.824,0
-66.047,29.024,88.715,0
-65.836,29.036,88.605,0
-65.626,29.037,88.484,0
-65.425,29.049,88.385,0
-65.215,29.05,88.286,0
-65.004,29.061,88.22,0
-64.794,29.062,88.143,0
-64.584,29.074,88.077,0
-64.383,29.086,88.011,0
-64.172,29.087,87.979,0
-63.971,29.099,88,0
-63.752,29.111,88.033,0
-63.541,29.112,88.066,0
-63.322,29.124,88.088,0
-63.112,29.136,88.121,0
-62.911,29.136,88.154,0
-62.7,29.148,88.187,0
-62.481,29.16,88.209,0
-62.28,29.161,88.22,0
-62.06,29.173,88.231,0
-61.85,29.174,88.242,0
-61.64,29.186,88.286,0
-61.42,29.187,88.352,0
-61.21,29.199,88.396,0
-61,29.199,88.418,0
-60.78,29.211,88.451,0
-60.57,29.212,88.495,0
-60.35,29.224,88.539,0
-60.131,29.225,88.605,0
-59.912,29.237,88.693,0
-59.692,29.238,88.792,0
-59.473,29.25,88.868,0
-59.253,29.251,88.912,0
-59.034,29.252,88.945,0
-58.805,29.264,89.011,0
-58.586,29.265,89.077,0
-58.366,29.265,89.143,0
-58.138,29.266,89.187,0
-57.918,29.278,89.264,0
-57.69,29.279,89.33,0
-57.461,29.28,89.385,0
-57.232,29.281,89.418,0
-57.004,29.282,89.451,0
-56.775,29.294,89.495,0
-56.547,29.295,89.539,0
-56.318,29.296,89.594,0
-56.09,29.297,89.648,0
-55.861,29.298,89.692,0
-55.623,29.299,89.714,0
-55.395,29.299,89.747,0
-55.166,29.3,89.769,0
-54.928,29.301,89.802,0
-54.7,29.302,89.846,0
-54.471,29.303,89.89,0
-54.233,29.304,89.945,0
-54.005,29.305,89.978,0
-53.767,29.306,90.011,0
-53.529,29.307,90.033,0
-53.301,29.308,90.055,0
-53.063,29.309,90.077,0
-52.825,29.31,90.121,0
-52.587,29.311,90.165,0
-52.35,29.312,90.22,0
-52.121,29.312,90.264,0
-51.874,29.313,90.286,0
-51.636,29.303,90.297,0
-51.417,29.304,90.297,0
-51.188,29.305,90.319,0
-50.95,29.306,90.33,0
-50.713,29.307,90.33,0
-50.475,29.297,90.297,0
-50.237,29.298,90.253,0
-49.999,29.299,90.22,0
-49.762,29.3,90.187,0
-49.524,29.301,90.154,0
-49.286,29.302,90.121,0
-49.048,29.303,90.066,0
-48.82,29.303,89.989,0
-48.582,29.304,89.934,0
-48.344,29.305,89.901,0
-48.116,29.306,89.879,0
-47.878,29.307,89.846,0
-47.649,29.308,89.791,0
-47.421,29.309,89.747,0
-47.183,29.31,89.692,0
-46.954,29.311,89.659,0
-46.717,29.312,89.626,0
-46.488,29.313,89.594,0
-46.259,29.314,89.55,0
-46.031,29.326,89.506,0
-45.802,29.327,89.484,0
-45.564,29.328,89.451,0
-45.327,29.328,89.429,0
-45.107,29.329,89.407,0
-44.879,29.33,89.363,0
-44.65,29.342,89.319,0
-44.422,29.343,89.286,0
-44.193,29.344,89.264,0
-43.973,29.345,89.264,0
-43.727,29.357,89.264,0
-43.498,29.358,89.275,0
-43.269,29.359,89.286,0
-43.059,29.36,89.286,0
-42.84,29.361,89.275,0
-42.611,29.373,89.275,0
-42.382,29.373,89.286,0
-42.154,29.374,89.297,0
-41.925,29.375,89.319,0
-41.697,29.376,89.352,0
-41.468,29.388,89.385,0
-41.249,29.389,89.407,0
-41.02,29.39,89.429,0
-40.782,29.391,89.462,0
-40.545,29.392,89.484,0
-40.316,29.404,89.484,0
-40.087,29.405,89.451,0
-39.85,29.406,89.451,0
-39.612,29.407,89.462,0
-39.374,29.408,89.495,0
-39.145,29.409,89.517,0
-38.908,29.41,89.517,0
-38.67,29.41,89.506,0
-38.432,29.423,89.484,0
-38.204,29.423,89.473,0
-37.966,29.424,89.484,0
-37.728,29.425,89.506,0
-37.518,29.426,89.517,0
-37.271,29.427,89.528,0
-37.033,29.428,89.539,0
-36.796,29.44,89.539,0
-36.558,29.441,89.55,0
-36.338,29.442,89.55,0
-36.101,29.443,89.539,0
-35.863,29.444,89.528,0
-35.625,29.445,89.539,0
-35.387,29.446,89.572,0
-35.15,29.447,89.604,0
-34.912,29.459,89.626,0
-34.665,29.46,89.637,0
-34.427,29.461,89.648,0
-34.18,29.462,89.637,0
-33.924,29.463,89.648,0
-33.723,29.463,89.659,0
-33.513,29.464,89.681,0
-33.257,29.465,89.703,0
-33.019,29.466,89.747,0
-32.781,29.467,89.769,0
-32.544,29.468,89.791,0
-32.287,29.469,89.791,0
-32.077,29.47,89.791,0
-31.821,29.471,89.791,0
-31.62,29.472,89.802,0
-31.419,29.473,89.824,0
-31.208,29.474,89.846,0
-30.98,29.474,89.879,0
-30.742,29.475,89.901,0
-30.513,29.476,89.934,0
-30.276,29.477,89.934,0
-30.011,29.478,89.934,0
-29.764,29.479,89.945,0
-29.508,29.48,89.956,0
-29.261,29.481,89.967,0
-29.014,29.471,89.989,0
-28.813,29.472,90.011,0
-28.575,29.473,90.033,0
-28.346,29.474,90.044,0
-28.109,29.475,90.066,0
-27.898,29.476,90.077,0
-27.66,29.477,90.099,0
-27.423,29.478,90.11,0
-27.203,29.478,90.132,0
-27.002,29.479,90.143,0
-26.783,29.469,90.165,0
-26.554,29.47,90.187,0
-26.316,29.471,90.209,0
-26.106,29.472,90.242,0
-25.877,29.473,90.264,0
-25.667,29.473,90.275,0
-25.448,29.474,90.297,0
-25.219,29.475,90.308,0
-24.981,29.465,90.33,0
-24.734,29.466,90.341,0
-24.515,29.467,90.352,0
-24.304,29.468,90.374,0
-24.085,29.469,90.396,0
-23.884,29.458,90.417,0
-23.664,29.459,90.439,0
-23.454,29.46,90.439,0
-23.244,29.461,90.428,0
-23.015,29.462,90.406,0
-22.768,29.452,90.385,0
-22.549,29.453,90.385,0
-22.302,29.454,90.396,0
-22.082,29.454,90.406,0
-21.872,29.455,90.428,0
-21.671,29.445,90.439,0
-21.451,29.446,90.439,0
-21.204,29.447,90.428,0
-20.994,29.448,90.406,0
-20.747,29.449,90.385,0
-20.528,29.439,90.406,0
-20.327,29.439,90.428,0
-20.116,29.44,90.461,0
-19.906,29.441,90.472,0
-19.668,29.442,90.505,0
-19.458,29.432,90.527,0
-19.229,29.433,90.56,0
-19.019,29.433,90.604,0
-18.79,29.423,90.681,0
-18.589,29.424,90.747,0
-18.388,29.425,90.813,0
-18.159,29.415,90.901,0
-17.958,29.415,90.967,0
-17.729,29.416,91.055,0
-17.483,29.406,91.165,0
-17.272,29.407,91.318,0
-17.071,29.397,91.45,0
-16.851,29.387,91.615,0
-16.614,29.388,91.791,0
-16.394,29.377,91.978,0
-16.156,29.367,92.164,0
-15.955,29.357,92.362,0
-15.717,29.347,92.549,0
-15.516,29.337,92.725,0
-15.278,29.326,92.878,0
-15.077,29.316,93.021,0
-14.839,29.306,93.175,0
-14.629,29.285,93.318,0
-14.4,29.274,93.461,0
-14.199,29.264,93.582,0
-13.97,29.243,93.702,0
-13.769,29.233,93.845,0
-13.541,29.211,93.988,0
-13.303,29.19,94.175,0
-13.065,29.18,94.307,0
-12.827,29.159,94.46,0
-12.598,29.137,94.581,0
-12.397,29.116,94.691,0
-12.168,29.095,94.812,0
-11.921,29.074,94.944,0
-11.702,29.052,95.054,0
-11.491,29.031,95.186,0
-11.272,29.01,95.361,0
-11.062,28.988,95.537,0
-10.842,28.967,95.724,0
-10.613,28.946,95.889,0
-10.385,28.925,96.064,0
-10.174,28.892,96.273,0
-9.945,28.871,96.515,0
-9.726,28.838,96.823,0
-9.506,28.817,97.207,0
-9.287,28.785,97.646,0
-9.058,28.752,98.163,0
-8.848,28.72,98.723,0
-8.619,28.677,99.338,0
-8.399,28.644,100.02,0
-8.17,28.601,100.767,0
-7.969,28.557,101.602,0
-7.759,28.514,102.491,0
-7.548,28.459,103.469,0
-7.328,28.404,104.535,0
-7.136,28.339,105.699,0
-6.935,28.284,106.941,0
-6.715,28.207,108.248,0
-6.504,28.142,109.611,0
-6.275,28.043,111.335,0
-6.055,27.944,113.104,0
-5.854,27.856,114.609,0
-5.661,27.757,116.169,0
-5.469,27.658,117.784,0
-5.277,27.548,119.443,0
-5.102,27.437,121.113,0
-4.937,27.316,122.794,0
-4.763,27.195,124.475,0
-4.561,27.063,126.156,0
-4.387,26.93,127.859,0
-4.231,26.798,129.617,0
-4.084,26.654,131.375,0
-3.928,26.511,133.176,0
-3.772,26.356,134.989,0
-3.625,26.201,136.769,0
-3.469,26.036,138.494,0
-3.322,25.87,140.219,0
-3.193,25.704,141.987,0
-3.065,25.527,143.778,0
-2.936,25.35,145.492,0
-2.807,25.162,147.217,0
-2.697,24.974,149.019,0
-2.586,24.753,151.205,0
-2.494,24.565,152.996,0
-2.393,24.365,154.775,0
-2.3,24.166,156.555,0
-2.226,23.967,158.357,0
-2.152,23.767,160.148,0
-2.078,23.557,161.895,0
-2.014,23.347,163.564,0
-1.958,23.136,165.135,0
-1.902,22.926,166.586,0
-1.856,22.715,167.871,0
-1.809,22.494,168.97,0
-1.771,22.261,169.904,0
-1.725,22.039,170.76,0
-1.697,21.829,171.497,0
-1.659,21.596,172.112,0
-1.631,21.374,172.606,0
-1.602,21.153,173.079,0
-1.574,20.931,173.551,0
-1.555,20.698,174.001,0
-1.536,20.476,174.452,0
-1.507,20.255,174.858,0
-1.488,20.033,175.243,0
-1.469,19.8,175.562,0
-1.459,19.578,175.88,0
-1.44,19.357,176.177,0
-1.43,19.135,176.473,0
-1.411,18.913,176.792,0
-1.401,18.691,177.188,0
-1.391,18.47,177.671,0
-1.381,18.248,178.22,0
-1.38,18.026,178.868,0
-1.379,17.804,179.583,0
-1.378,17.594,180.385,0
-1.377,17.372,181.219,0
-1.385,17.161,182.043,0
-1.394,16.939,182.878,0
-1.411,16.717,183.702,0
-1.419,16.496,184.504,0
-1.437,16.274,185.317,0
-1.463,16.052,186.119,0
-1.49,15.841,186.932,0
-1.516,15.619,187.756,0
-1.543,15.408,188.58,0
-1.579,15.198,189.404,0
-1.614,14.976,190.228,0
-1.659,14.765,191.019,0
-1.704,14.554,191.788,0
-1.749,14.332,192.502,0
-1.794,14.121,193.162,0
-1.848,13.91,193.766,0
-1.893,13.699,194.249,0
-1.956,13.488,194.579,0
-2.001,13.277,194.755,0
-2.064,13.055,194.788,0
-2.118,12.855,194.689,0
-2.172,12.633,194.48,0
-2.226,12.434,194.216,0
-2.28,12.212,193.953,0
-2.325,12.012,193.7,0
-2.379,11.79,193.458,0
-2.424,11.59,193.206,0
-2.478,11.368,192.964,0
-2.523,11.168,192.711,0
-2.568,10.946,192.469,0
-2.612,10.746,192.217,0
-2.657,10.524,191.942,0
-2.702,10.325,191.613,0
-2.747,10.114,191.228,0
-2.783,9.903,190.8,0
-2.819,9.703,190.382,0
-2.854,9.492,189.965,0
-2.89,9.293,189.569,0
-2.926,9.093,189.196,0
-2.962,8.882,188.844,0
-2.988,8.682,188.514,0
-3.015,8.483,188.218,0
-3.042,8.283,187.943,0
-3.068,8.083,187.679,0
-3.095,7.883,187.427,0
-3.121,7.684,187.196,0
-3.148,7.484,186.965,0
-3.175,7.284,186.746,0
-3.192,7.085,186.515,0
-3.219,6.885,186.284,0
-3.236,6.685,185.999,0
-3.263,6.485,185.658,0
-3.28,6.264,185.251,0
-3.298,6.064,184.922,0
-3.315,5.831,184.526,0
-3.333,5.598,184.12,0
-3.35,5.376,183.68,0
-3.358,5.154,183.153,0
-3.376,4.921,182.571,0
-3.384,4.7,181.967,0
-3.392,4.478,181.362,0
-3.391,4.256,180.813,0
-3.399,4.023,180.374,0
-3.399,3.801,180.077,0
-3.398,3.579,179.923,0
-3.397,3.358,179.89,0
-3.396,3.125,179.879,0
-3.395,2.903,179.846,0
-3.403,2.692,179.824,0
-3.402,2.459,179.758,0
-3.401,2.238,179.561,0
-3.401,2.027,179.286,0
-3.391,1.805,178.945,0
-3.39,1.594,178.594,0
-3.389,1.384,178.231,0
-3.379,1.162,177.924,0
-3.369,0.951,177.638,0
-3.359,0.718,177.363,0
-3.349,0.508,177.275,0
-3.339,0.297,177.308,0
-3.329,0.075,177.407,0
-3.319,-0.135,177.605,0
-3.318,-0.346,177.814,0
-3.308,-0.568,178.022,0
-3.298,-0.778,178.165,0
-3.288,-1,178.143,0
-3.287,-1.222,177.935,0
-3.277,-1.433,177.737,0
-3.267,-1.654,177.539,0
-3.257,-1.876,177.385,0
-3.247,-2.087,177.462,0
-3.237,-2.297,177.583,0
-3.236,-2.508,177.66,0
-3.226,-2.719,177.748,0
-3.216,-2.929,177.847,0
-3.206,-3.14,177.913,0
-3.205,-3.351,178.033,0
-3.195,-3.561,178.11,0
-3.195,-3.772,178.231,0
-3.185,-3.983,178.319,0
-3.184,-4.193,178.385,0
-3.183,-4.404,178.385,0
-3.182,-4.615,178.396,0
-3.172,-4.826,178.407,0
-3.182,-4.615,178.407,0
-3.183,-4.404,178.407,0
-3.184,-4.193,178.407,0
