4.475,-0.449,83.320
4.675,-0.429,83.079
4.876,-0.409,82.815
5.095,-0.390,82.573
5.315,-0.359,82.288
5.525,-0.339,81.958
5.725,-0.319,81.694
5.935,-0.288,81.442
6.155,-0.257,81.189
6.355,-0.226,80.914
6.556,-0.206,80.662
6.775,-0.176,80.398
7.004,-0.145,80.156
7.233,-0.114,79.926
7.434,-0.083,79.695
7.634,-0.052,79.508
7.845,-0.021,79.354
8.055,0.010,79.200
8.265,0.040,79.113
8.484,0.071,79.091
8.694,0.102,79.113
8.914,0.144,79.102
9.134,0.175,79.058
9.344,0.217,79.036
9.554,0.259,79.036
9.774,0.301,79.003
9.984,0.332,78.937
10.194,0.362,78.893
10.404,0.393,78.915
10.614,0.435,78.948
10.824,0.466,78.937
11.034,0.497,78.915
11.244,0.528,78.893
11.445,0.570,78.915
11.674,0.601,78.926
11.884,0.643,78.915
12.094,0.685,78.893
12.323,0.727,78.882
12.543,0.769,78.860
12.772,0.810,78.849
13.001,0.841,78.893
13.221,0.883,78.904
13.450,0.925,78.926
13.670,0.944,79.003
13.889,0.986,79.080
14.119,1.039,79.113
14.348,1.081,79.135
14.549,1.123,79.211
14.749,1.165,79.299
14.950,1.207,79.387
15.160,1.238,79.475
15.370,1.269,79.541
15.580,1.311,79.607
15.809,1.342,79.717
16.029,1.383,79.805
16.268,1.425,79.882
16.497,1.467,79.937
16.698,1.498,79.969
16.898,1.529,80.013
17.108,1.560,80.046
17.318,1.602,80.090
17.528,1.633,80.134
17.748,1.675,80.156
17.968,1.705,80.178
18.197,1.747,80.200
18.426,1.778,80.222
18.655,1.820,80.255
18.884,1.850,80.299
19.114,1.892,80.354
19.352,1.934,80.420
19.553,1.965,80.442
19.792,2.006,80.486
20.030,2.048,80.530
20.269,2.090,80.552
20.470,2.121,80.563
20.680,2.152,80.585
20.928,2.182,80.629
21.157,2.224,80.695
21.358,2.255,80.717
21.568,2.286,80.717
21.768,2.317,80.695
21.969,2.348,80.706
22.169,2.379,80.717
22.370,2.410,80.728
22.570,2.441,80.739
22.780,2.472,80.750
22.981,2.492,80.760
23.181,2.523,80.771
23.382,2.554,80.771
23.592,2.585,80.782
23.792,2.616,80.804
23.993,2.647,80.815
24.193,2.678,80.848
24.394,2.709,80.870
24.594,2.740,80.903
24.795,2.771,80.914
24.995,2.802,80.903
25.196,2.833,80.903
25.396,2.864,80.892
25.645,2.894,80.870
25.883,2.925,80.848
26.084,2.956,80.848
26.284,2.976,80.892
26.532,3.017,80.925
26.771,3.059,80.903
26.972,3.079,80.870
27.210,3.121,80.837
27.411,3.141,80.826
27.611,3.172,80.826
27.850,3.202,80.804
28.089,3.244,80.771
28.289,3.275,80.739
28.490,3.295,80.739
28.728,3.336,80.760
28.967,3.367,80.782
29.206,3.409,80.750
29.406,3.440,80.684
29.607,3.471,80.640
29.845,3.501,80.596
30.084,3.532,80.574
30.323,3.574,80.552
30.533,3.604,80.508
30.781,3.646,80.453
31.020,3.677,80.431
31.220,3.708,80.409
31.421,3.739,80.387
31.621,3.770,80.354
31.822,3.812,80.299
32.022,3.832,80.244
32.223,3.874,80.211
32.424,3.905,80.178
32.624,3.936,80.134
32.825,3.967,80.079
33.035,3.998,80.046
33.235,4.029,80.057
33.436,4.060,80.079
33.636,4.091,80.079
33.846,4.122,80.057
34.056,4.164,80.002
34.267,4.194,79.948
34.467,4.225,79.893
34.677,4.256,79.816
34.887,4.287,79.761
35.097,4.318,79.728
35.307,4.360,79.706
35.517,4.391,79.684
35.737,4.433,79.662
35.947,4.464,79.651
36.167,4.506,79.618
36.377,4.548,79.574
36.587,4.579,79.541
36.797,4.610,79.497
37.017,4.651,79.464
37.237,4.693,79.453
37.447,4.724,79.453
37.666,4.766,79.453
37.886,4.808,79.442
38.106,4.839,79.420
38.325,4.881,79.387
38.554,4.922,79.354
38.774,4.953,79.332
38.994,4.995,79.310
39.223,5.037,79.288
39.443,5.068,79.288
39.672,5.109,79.310
39.911,5.151,79.332
40.140,5.193,79.343
40.369,5.235,79.321
40.589,5.265,79.310
40.818,5.307,79.277
41.057,5.349,79.244
41.286,5.391,79.200
41.515,5.432,79.167
41.744,5.463,79.146
41.973,5.505,79.135
42.212,5.547,79.156
42.451,5.588,79.178
42.680,5.630,79.200
42.909,5.672,79.211
43.139,5.714,79.200
43.387,5.755,79.189
43.616,5.797,79.156
43.855,5.839,79.124
44.075,5.869,79.102
44.313,5.911,79.091
44.552,5.953,79.102
44.791,5.994,79.124
45.020,6.036,79.156
45.249,6.078,79.189
45.488,6.120,79.211
45.708,6.161,79.233
45.947,6.203,79.266
46.176,6.245,79.277
46.415,6.287,79.299
46.644,6.328,79.321
46.873,6.370,79.376
47.102,6.401,79.409
47.331,6.443,79.453
47.561,6.495,79.475
47.790,6.526,79.497
48.009,6.568,79.508
48.239,6.599,79.519
48.468,6.641,79.552
48.707,6.682,79.607
48.926,6.724,79.684
49.156,6.766,79.750
49.375,6.797,79.805
49.604,6.838,79.838
49.833,6.869,79.893
50.053,6.911,79.969
50.282,6.942,80.057
50.511,6.983,80.145
50.741,7.014,80.222
50.960,7.056,80.299
51.180,7.087,80.365
51.409,7.129,80.420
51.638,7.159,80.464
51.867,7.201,80.530
52.087,7.232,80.607
52.316,7.263,80.684
52.545,7.293,80.760
52.774,7.335,80.859
53.004,7.366,80.958
53.233,7.407,81.035
53.471,7.438,81.101
53.701,7.469,81.145
53.930,7.499,81.189
54.168,7.530,81.255
54.397,7.561,81.343
54.636,7.602,81.420
54.865,7.633,81.486
55.094,7.664,81.519
55.333,7.694,81.519
55.572,7.725,81.519
55.810,7.756,81.552
56.049,7.786,81.562
56.288,7.817,81.562
56.526,7.847,81.562
56.755,7.889,81.552
56.994,7.920,81.541
57.242,7.950,81.530
57.481,7.981,81.508
57.720,8.011,81.497
57.958,8.042,81.486
58.197,8.072,81.475
58.445,8.114,81.453
58.684,8.145,81.442
58.922,8.175,81.420
59.152,8.206,81.387
59.381,8.237,81.332
59.610,8.267,81.288
59.839,8.298,81.244
60.058,8.329,81.211
60.288,8.359,81.167
60.507,8.390,81.134
60.727,8.421,81.090
60.946,8.452,81.046
61.166,8.483,80.991
61.376,8.514,80.936
61.586,8.544,80.881
61.796,8.575,80.815
62.006,8.606,80.760
62.216,8.637,80.706
62.464,8.679,80.651
62.665,8.710,80.596
62.865,8.741,80.541
63.066,8.772,80.497
63.266,8.803,80.464
63.467,8.834,80.431
63.715,8.875,80.376
63.916,8.895,80.332
64.116,8.937,80.288
64.317,8.968,80.266
64.555,8.999,80.244
64.794,9.041,80.222
65.043,9.082,80.178
65.291,9.113,80.145
65.529,9.154,80.112
65.768,9.196,80.090
66.007,9.238,80.046
66.255,9.268,79.980
66.484,9.310,79.915
66.723,9.352,79.893
66.952,9.382,79.882
67.191,9.424,79.860
67.420,9.466,79.838
67.659,9.507,79.827
67.888,9.538,79.805
68.117,9.580,79.761
68.346,9.611,79.695
68.585,9.652,79.640
68.814,9.694,79.618
69.044,9.736,79.585
69.273,9.778,79.541
69.502,9.808,79.519
69.741,9.850,79.508
69.970,9.892,79.508
70.199,9.933,79.486
70.438,9.975,79.442
70.667,10.017,79.376
70.896,10.048,79.332
71.135,10.089,79.310
71.364,10.131,79.310
71.603,10.173,79.288
71.842,10.214,79.277
72.071,10.267,79.244
72.310,10.298,79.189
72.549,10.339,79.124
72.797,10.381,79.080
73.036,10.423,79.058
73.275,10.475,79.058
73.513,10.517,79.047
73.714,10.559,79.014
73.962,10.601,78.970
74.201,10.642,78.915
74.402,10.673,78.882
74.602,10.716,78.860
74.851,10.757,78.849
75.051,10.799,78.849
75.261,10.830,78.849
75.462,10.872,78.860
75.663,10.914,78.882
75.863,10.945,78.893
76.064,10.976,78.882
76.283,11.018,78.871
76.484,11.060,78.871
76.694,11.102,78.882
76.895,11.133,78.871
77.105,11.175,78.860
77.324,11.206,78.871
77.534,11.248,78.882
77.754,11.290,78.893
77.964,11.332,78.893
78.174,11.363,78.904
78.394,11.405,78.904
78.604,11.447,78.904
78.824,11.489,78.904
79.034,11.520,78.926
79.254,11.561,78.937
79.464,11.603,78.948
79.674,11.634,78.948
79.894,11.676,78.937
80.113,11.707,78.926
80.323,11.749,78.926
80.534,11.791,78.926
80.753,11.822,78.937
80.963,11.864,78.959
81.183,11.906,78.959
81.393,11.948,78.959
81.613,11.978,78.959
81.832,12.020,78.970
82.043,12.062,79.003
82.253,12.093,79.036
82.472,12.135,79.102
82.683,12.177,79.167
82.893,12.219,79.222
83.103,12.250,79.277
83.313,12.292,79.321
83.523,12.334,79.376
83.733,12.365,79.431
83.943,12.396,79.497
84.153,12.438,79.563
84.363,12.469,79.673
84.574,12.511,79.783
84.774,12.553,79.871
84.984,12.584,79.926
85.185,12.615,79.969
85.395,12.646,80.035
85.595,12.677,80.090
85.796,12.708,80.134
85.997,12.750,80.189
86.197,12.781,80.222
86.407,12.812,80.255
86.608,12.843,80.277
86.856,12.873,80.321
87.095,12.915,80.431
87.295,12.946,80.508
87.534,12.987,80.585
87.734,13.018,80.607
87.973,13.060,80.629
88.212,13.091,80.651
88.450,13.121,80.651
88.689,13.163,80.651
88.928,13.194,80.673
89.157,13.235,80.706
89.386,13.266,80.728
89.615,13.308,80.739
89.835,13.339,80.750
90.064,13.369,80.771
90.284,13.400,80.793
90.513,13.442,80.804
90.732,13.473,80.793
90.952,13.503,80.739
91.162,13.545,80.695
91.382,13.565,80.618
91.592,13.596,80.464
91.811,13.638,80.233
92.021,13.669,79.991
92.222,13.700,79.750
92.432,13.742,79.475
92.652,13.784,79.135
92.862,13.826,78.706
93.063,13.857,78.234
93.301,13.898,77.618
93.511,13.940,77.069
93.712,13.994,76.476
93.913,14.036,75.817
94.114,14.089,75.125
94.314,14.142,74.377
94.553,14.206,73.444
94.754,14.259,72.642
94.955,14.323,71.862
95.156,14.376,71.082
95.347,14.452,70.291
95.539,14.516,69.510
95.730,14.581,68.752
95.922,14.656,67.994
96.123,14.731,67.214
96.314,14.807,66.390
96.506,14.893,65.577
96.716,14.991,64.633
96.908,15.077,63.842
97.109,15.175,63.007
97.301,15.261,62.117
97.512,15.370,61.040
97.694,15.468,60.150
97.876,15.565,59.216
98.059,15.674,58.206
98.241,15.783,57.162
98.414,15.903,56.140
98.587,16.012,55.162
98.759,16.132,54.174
98.932,16.252,53.141
99.105,16.383,52.097
99.269,16.514,51.053
99.432,16.645,49.977
99.596,16.777,48.878
99.760,16.919,47.780
99.923,17.061,46.670
100.077,17.204,45.538
100.241,17.357,44.396
100.395,17.510,43.275
100.540,17.664,42.144
100.694,17.829,40.990
100.839,17.993,39.836
100.975,18.169,38.672
101.119,18.334,37.507
101.255,18.521,36.376
101.390,18.696,35.200
101.526,18.883,33.992
101.652,19.070,32.750
101.778,19.269,31.520
101.904,19.456,30.311
102.021,19.665,29.103
102.137,19.863,27.905
102.245,20.073,26.719
102.352,20.282,25.532
102.459,20.491,24.368
102.557,20.712,23.258
102.654,20.922,22.214
102.743,21.142,21.204
102.831,21.363,20.160
102.919,21.595,19.094
102.998,21.827,18.062
103.077,22.048,17.095
103.156,22.279,16.194
103.225,22.523,15.348
103.285,22.755,14.480
103.354,22.998,13.612
103.414,23.230,12.755
103.474,23.473,11.920
103.514,23.672,11.294
103.565,23.916,10.558
103.605,24.115,9.976
103.646,24.358,9.250
103.686,24.557,8.668
103.717,24.756,8.097
103.758,25.000,7.460
103.789,25.199,7.009
103.810,25.420,6.614
103.841,25.620,6.273
103.863,25.819,5.955
103.884,26.029,5.691
103.905,26.240,5.449
103.927,26.450,5.219
103.948,26.660,4.977
103.970,26.860,4.724
103.991,27.070,4.471
104.013,27.292,4.230
104.034,27.502,3.988
104.055,27.712,3.757
104.077,27.934,3.538
104.098,28.144,3.307
104.110,28.366,3.098
104.141,28.576,2.878
104.153,28.798,2.670
104.175,29.008,2.439
104.187,29.230,2.197
104.189,29.451,1.967
104.201,29.673,1.736
104.213,29.894,1.494
104.216,30.105,1.263
104.218,30.327,1.033
104.230,30.548,0.802
104.232,30.759,0.593
104.235,30.981,0.363
104.237,31.202,0.099
104.240,31.424,359.791
104.242,31.646,359.418
104.235,31.867,359.022
104.238,32.089,358.594
104.231,32.311,358.143
104.224,32.533,357.693
104.217,32.754,357.220
104.210,32.976,356.748
104.203,33.198,356.287
104.186,33.420,355.825
104.179,33.642,355.342
104.162,33.875,354.847
104.146,34.097,354.353
104.120,34.319,353.870
104.103,34.540,353.408
104.077,34.762,352.969
104.051,34.984,352.540
104.025,35.206,352.134
103.999,35.440,351.749
103.963,35.651,351.387
103.937,35.884,351.035
103.901,36.106,350.695
103.866,36.317,350.376
103.830,36.550,350.145
103.804,36.772,350.002
103.768,36.994,349.969
103.723,37.227,350.035
103.697,37.449,350.156
103.662,37.671,350.299
103.626,37.905,350.442
103.590,38.127,350.585
103.555,38.360,350.739
103.529,38.582,350.925
103.503,38.815,351.112
103.477,39.037,351.299
103.441,39.270,351.475
103.415,39.492,351.661
103.379,39.714,351.870
103.353,39.936,352.068
103.327,40.158,352.244
103.292,40.392,352.408
103.266,40.625,352.562
103.240,40.836,352.683
103.213,41.058,352.793
103.206,41.279,352.925
103.180,41.512,353.057
103.154,41.734,353.221
103.138,41.956,353.375
103.112,42.189,353.518
103.095,42.411,353.628
103.069,42.644,353.694
103.053,42.866,353.738
103.036,43.088,353.782
103.020,43.321,353.848
102.993,43.532,353.936
102.977,43.765,354.001
102.951,43.987,354.023
102.934,44.209,354.012
102.918,44.431,353.990
102.901,44.653,353.958
102.884,44.875,353.925
102.858,45.097,353.870
102.842,45.318,353.793
102.825,45.540,353.683
102.808,45.751,353.562
102.782,45.973,353.430
102.756,46.195,353.298
102.730,46.417,353.177
102.704,46.639,353.057
102.678,46.850,352.936
102.661,47.072,352.793
102.635,47.294,352.661
102.609,47.516,352.540
102.583,47.738,352.419
102.547,47.949,352.299
102.521,48.171,352.189
102.495,48.382,352.090
102.459,48.604,351.980
102.433,48.826,351.859
102.397,49.037,351.738
102.371,49.259,351.617
102.335,49.470,351.497
102.300,49.692,351.365
102.274,49.914,351.244
102.238,50.125,351.134
102.202,50.347,351.035
102.176,50.558,350.936
102.140,50.769,350.848
102.105,50.991,350.750
102.078,51.202,350.662
102.043,51.413,350.563
102.007,51.635,350.464
101.971,51.835,350.343
101.935,52.057,350.211
101.909,52.268,350.090
101.873,52.479,349.991
101.838,52.690,349.937
101.802,52.901,349.893
101.766,53.112,349.860
101.740,53.312,349.805
101.704,53.523,349.717
101.668,53.734,349.629
101.632,53.934,349.541
101.597,54.145,349.464
101.561,54.345,349.387
101.525,54.556,349.332
101.489,54.756,349.277
101.453,54.956,349.222
101.417,55.167,349.167
101.381,55.367,349.124
101.346,55.567,349.080
101.310,55.767,349.036
101.274,55.967,348.981
101.238,56.178,348.937
101.202,56.378,348.915
101.157,56.578,348.860
101.121,56.778,348.761
101.085,56.978,348.607
101.049,57.178,348.431
101.013,57.378,348.234
100.968,57.578,348.003
100.932,57.778,347.739
100.896,57.978,347.443
100.841,58.222,347.025
100.777,58.467,346.553
100.723,58.711,346.003
100.668,58.945,345.421
100.614,59.145,344.927
100.559,59.378,344.312
100.485,59.623,343.674
100.421,59.856,342.971
100.348,60.090,342.224
100.284,60.323,341.455
100.200,60.557,340.708
100.127,60.791,339.983
100.044,61.025,339.236
99.960,61.247,338.467
99.877,61.481,337.709
99.794,61.704,336.951
99.701,61.926,336.171
99.599,62.149,335.336
99.496,62.372,334.413
99.394,62.584,333.446
99.291,62.807,332.468
99.180,63.030,331.447
99.068,63.241,330.370
98.946,63.453,329.249
98.824,63.665,328.129
98.703,63.866,327.008
98.572,64.078,325.887
98.469,64.257,324.965
98.319,64.458,323.800
98.178,64.648,322.646
98.056,64.816,321.746
97.934,64.983,320.834
97.802,65.140,319.889
97.670,65.308,318.922
97.501,65.487,317.703
97.360,65.644,316.725
97.218,65.801,315.747
97.068,65.958,314.758
96.907,66.115,313.759
96.756,66.260,312.759
96.596,66.406,311.759
96.426,66.552,310.759
96.256,66.687,309.771
96.086,66.833,308.760
95.907,66.979,307.738
95.737,67.114,306.694
95.547,67.249,305.640
95.368,67.384,304.563
95.169,67.520,303.486
94.980,67.644,302.366
94.781,67.768,301.234
94.582,67.881,300.081
94.374,68.005,298.927
94.175,68.118,297.773
93.967,68.232,296.620
93.749,68.334,295.488
93.540,68.436,294.368
93.322,68.538,293.258
93.104,68.629,292.137
92.876,68.720,291.039
92.658,68.812,289.984
92.420,68.892,288.984
92.193,68.972,288.007
91.965,69.052,287.040
91.718,69.121,286.051
91.490,69.190,285.051
91.252,69.249,284.073
91.014,69.307,283.118
90.777,69.365,282.217
90.529,69.423,281.382
90.292,69.470,280.602
90.054,69.517,279.877
89.816,69.553,279.196
89.578,69.589,278.547
89.331,69.625,277.921
89.083,69.661,277.306
88.855,69.697,276.724
88.607,69.722,276.163
88.369,69.757,275.625
88.122,69.782,275.109
87.874,69.807,274.592
87.636,69.821,274.087
87.398,69.846,273.593
87.151,69.860,273.098
86.913,69.885,272.604
86.665,69.899,272.131
86.427,69.912,271.670
86.188,69.915,271.219
85.950,69.929,270.791
85.712,69.931,270.341
85.474,69.934,269.912
85.245,69.937,269.495
85.016,69.939,269.077
84.778,69.942,268.649
84.549,69.933,268.209
84.320,69.936,267.781
84.082,69.927,267.396
83.863,69.919,267.045
83.634,69.910,266.682
83.405,69.891,266.342
83.176,69.882,266.023
82.938,69.874,265.715
82.709,69.865,265.408
82.480,69.846,265.056
82.251,69.837,264.738
82.022,69.817,264.408
81.812,69.798,264.111
81.583,69.778,263.826
81.354,69.747,263.540
81.135,69.728,263.243
80.905,69.697,262.936
80.686,69.666,262.639
80.476,69.635,262.354
80.256,69.604,262.068
80.037,69.574,261.793
79.808,69.543,261.508
79.597,69.501,261.222
79.368,69.470,260.936
79.149,69.428,260.673
78.929,69.398,260.420
78.700,69.367,260.156
78.471,69.325,259.893
78.251,69.283,259.640
78.022,69.253,259.431
77.793,69.211,259.266
77.563,69.169,259.167
77.334,69.127,259.113
77.095,69.086,259.102
76.866,69.044,259.156
76.627,69.002,259.233
76.398,68.960,259.332
76.150,68.919,259.420
75.911,68.877,259.486
75.672,68.835,259.563
75.443,68.794,259.651
75.204,68.752,259.750
74.966,68.710,259.838
74.717,68.669,259.915
74.469,68.627,259.980
74.230,68.586,260.046
73.982,68.544,260.101
73.743,68.502,260.145
73.485,68.461,260.189
73.237,68.419,260.244
72.989,68.378,260.299
72.731,68.336,260.354
72.483,68.306,260.420
72.225,68.264,260.464
71.967,68.223,260.508
71.719,68.181,260.552
71.518,68.150,260.574
71.318,68.119,260.596
71.069,68.078,260.607
70.869,68.047,260.618
70.611,68.005,260.629
70.411,67.974,260.651
70.153,67.933,260.684
69.952,67.902,260.706
69.704,67.860,260.739
69.503,67.829,260.760
69.246,67.799,260.782
68.988,67.757,260.782
68.787,67.726,260.782
68.530,67.685,260.771
68.329,67.654,260.771
68.071,67.612,260.750
67.871,67.581,260.728
67.670,67.550,260.706
67.470,67.519,260.684
67.221,67.478,260.662
67.021,67.447,260.640
66.820,67.416,260.640
66.620,67.385,260.629
66.419,67.354,260.629
66.219,67.323,260.618
66.018,67.292,260.618
65.770,67.250,260.607
65.570,67.219,260.596
65.369,67.188,260.596
65.111,67.147,260.585
64.911,67.116,260.563
64.653,67.074,260.530
64.452,67.043,260.497
64.195,67.002,260.475
63.946,66.960,260.431
63.746,66.929,260.409
63.488,66.888,260.398
63.240,66.846,260.376
63.039,66.815,260.365
62.781,66.774,260.321
62.533,66.732,260.277
62.275,66.691,260.233
62.027,66.649,260.211
61.779,66.608,260.178
61.521,66.577,260.167
61.273,66.536,260.156
61.015,66.494,260.145
60.776,66.453,260.101
60.518,66.411,260.068
60.270,66.370,260.024
60.031,66.328,259.980
59.783,66.286,259.937
59.534,66.245,259.915
59.296,66.203,259.904
59.047,66.162,259.893
58.799,66.131,259.893
58.561,66.089,259.882
58.312,66.048,259.871
58.073,66.006,259.849
57.825,65.965,259.816
57.587,65.934,259.794
57.348,65.892,259.761
57.099,65.851,259.739
56.861,65.809,259.728
56.612,65.768,259.695
56.374,65.726,259.673
56.135,65.684,259.662
55.896,65.643,259.662
55.648,65.601,259.673
55.409,65.559,259.662
55.161,65.518,259.662
54.922,65.476,259.640
54.674,65.446,259.607
54.435,65.404,259.596
54.187,65.362,259.574
53.948,65.321,259.563
53.700,65.279,259.541
53.470,65.237,259.530
53.222,65.196,259.530
52.974,65.154,259.541
52.726,65.113,259.563
52.477,65.071,259.585
52.239,65.029,259.585
51.981,64.988,259.563
51.732,64.946,259.541
51.484,64.905,259.508
51.236,64.863,259.464
50.988,64.833,259.442
50.730,64.780,259.464
50.481,64.739,259.486
50.224,64.697,259.497
49.966,64.656,259.486
49.717,64.614,259.475
49.460,64.573,259.464
49.202,64.520,259.442
48.953,64.479,259.420
48.753,64.437,259.398
48.505,64.395,259.376
48.304,64.364,259.365
48.046,64.312,259.365
47.788,64.270,259.376
47.588,64.239,259.387
47.330,64.187,259.398
47.129,64.156,259.409
46.929,64.113,259.420
46.671,64.072,259.431
46.413,64.031,259.464
46.212,63.988,259.497
46.012,63.957,259.541
45.811,63.926,259.563
45.611,63.884,259.585
45.410,63.853,259.585
45.152,63.812,259.596
44.952,63.781,259.607
44.751,63.739,259.607
44.551,63.708,259.607
44.350,63.677,259.618
44.149,63.635,259.629
43.949,63.604,259.651
43.739,63.573,259.695
43.538,63.531,259.728
43.338,63.500,259.750
43.137,63.457,259.761
42.937,63.426,259.761
42.736,63.384,259.750
42.535,63.353,259.739
42.325,63.311,259.728
42.125,63.280,259.728
41.915,63.249,259.728
41.714,63.207,259.750
41.504,63.176,259.772
41.303,63.134,259.805
41.103,63.103,259.827
40.893,63.072,259.860
40.692,63.030,259.882
40.492,62.999,259.882
40.291,62.957,259.882
40.081,62.926,259.882
39.871,62.895,259.893
39.670,62.853,259.904
39.470,62.822,259.926
39.260,62.791,259.958
39.059,62.749,259.980
38.859,62.718,260.013
38.649,62.687,260.024
38.438,62.645,260.046
38.238,62.614,260.068
38.037,62.583,260.090
37.827,62.541,260.101
37.617,62.511,260.112
37.417,62.480,260.112
37.207,62.449,260.123
37.006,62.407,260.156
36.796,62.376,260.178
36.595,62.345,260.200
36.385,62.314,260.233
36.175,62.283,260.244
35.975,62.241,260.255
35.765,62.210,260.255
35.555,62.179,260.266
35.354,62.148,260.288
35.144,62.117,260.299
34.934,62.086,260.310
34.733,62.055,260.321
34.523,62.024,260.321
34.323,61.993,260.321
34.113,61.951,260.321
33.912,61.920,260.332
33.702,61.889,260.332
33.444,61.837,260.321
33.234,61.806,260.310
33.024,61.775,260.288
32.824,61.744,260.288
32.613,61.713,260.288
32.413,61.682,260.310
32.203,61.651,260.321
32.002,61.620,260.343
31.792,61.589,260.354
31.592,61.558,260.376
31.382,61.527,260.387
31.181,61.485,260.387
30.971,61.454,260.387
30.771,61.423,260.387
30.561,61.392,260.376
30.360,61.361,260.376
30.160,61.330,260.398
29.949,61.288,260.420
29.749,61.257,260.442
29.548,61.226,260.442
29.348,61.184,260.431
29.138,61.153,260.431
28.937,61.122,260.431
28.727,61.091,260.431
28.527,61.060,260.431
28.316,61.029,260.431
28.106,60.999,260.442
27.906,60.968,260.464
27.696,60.937,260.486
27.495,60.906,260.486
27.285,60.875,260.486
27.085,60.844,260.475
26.875,60.813,260.486
26.674,60.782,260.486
26.464,60.740,260.475
26.264,60.709,260.464
26.054,60.678,260.453
25.843,60.647,260.453
25.643,60.616,260.475
25.442,60.585,260.486
25.232,60.554,260.508
25.022,60.523,260.530
24.822,60.492,260.541
24.612,60.461,260.563
24.411,60.430,260.574
24.201,60.399,260.574
24.001,60.357,260.563
23.791,60.337,260.541
23.581,60.307,260.541
23.380,60.276,260.541
23.170,60.245,260.541
22.969,60.203,260.552
22.759,60.172,260.574
22.502,60.130,260.596
22.291,60.099,260.596
22.091,60.068,260.596
21.881,60.037,260.585
21.680,60.006,260.574
21.480,59.975,260.563
21.270,59.944,260.552
21.069,59.913,260.552
20.869,59.882,260.530
20.668,59.851,260.530
20.458,59.820,260.541
20.258,59.778,260.541
20.057,59.747,260.552
19.857,59.716,260.552
19.647,59.685,260.574
19.446,59.654,260.596
19.245,59.623,260.618
19.045,59.592,260.629
18.844,59.561,260.618
18.634,59.531,260.618
18.434,59.500,260.607
18.233,59.469,260.596
18.023,59.438,260.585
17.823,59.407,260.574
17.622,59.376,260.563
17.422,59.345,260.552
17.221,59.314,260.541
17.021,59.283,260.519
16.820,59.252,260.508
16.620,59.221,260.497
16.419,59.190,260.486
16.219,59.159,260.486
16.018,59.128,260.475
15.818,59.096,260.475
15.617,59.065,260.464
15.417,59.034,260.442
15.216,59.003,260.409
15.016,58.972,260.376
14.758,58.931,260.343
14.557,58.900,260.321
14.357,58.869,260.299
14.156,58.838,260.277
13.898,58.797,260.255
13.698,58.766,260.255
13.497,58.723,260.233
13.239,58.682,260.211
13.039,58.651,260.189
12.838,58.620,260.167
12.581,58.578,260.134
12.323,58.537,260.101
12.122,58.506,260.090
11.864,58.465,260.079
11.607,58.423,260.090
11.349,58.382,260.090
11.091,58.340,260.068
10.833,58.299,260.024
10.585,58.257,259.991
10.327,58.216,259.980
10.079,58.174,259.980
9.830,58.133,260.024
9.582,58.091,260.057
9.334,58.049,260.090
9.095,58.008,260.090
8.847,57.977,260.079
8.608,57.936,260.057
8.369,57.894,260.035
8.140,57.852,259.991
7.901,57.822,259.969
7.672,57.780,259.969
7.443,57.749,259.991
7.214,57.707,260.013
6.985,57.666,260.024
6.756,57.635,260.024
6.536,57.593,260.002
6.316,57.562,259.969
6.097,57.520,259.958
5.867,57.490,259.948
5.657,57.448,259.958
5.438,57.417,259.980
5.228,57.386,259.991
5.018,57.344,259.991
4.807,57.313,259.991
4.607,57.271,260.002
4.397,57.240,260.002
4.196,57.209,260.024
3.986,57.178,260.046
3.747,57.137,260.046
3.547,57.106,260.046
3.299,57.064,260.068
3.060,57.022,260.079
2.821,56.992,260.101
2.592,56.950,260.123
2.353,56.908,260.101
2.124,56.878,260.090
1.895,56.836,260.057
1.666,56.805,260.068
1.437,56.763,260.101
1.217,56.733,260.112
0.997,56.691,260.123
0.778,56.660,260.101
0.558,56.618,260.079
0.348,56.587,260.057
0.128,56.545,259.991
-0.082,56.514,259.882
-0.302,56.472,259.684
-0.521,56.442,259.420
-0.722,56.400,259.102
-0.941,56.369,258.739
-1.152,56.316,258.289
-1.371,56.274,257.717
-1.572,56.232,257.025
-1.782,56.179,256.256
-2.002,56.137,255.454
-2.222,56.084,254.619
-2.432,56.020,253.718
-2.642,55.967,252.751
-2.863,55.891,251.730
-3.073,55.827,250.675
-3.293,55.752,249.587
-3.504,55.666,248.456
-3.714,55.591,247.280
-3.934,55.504,246.072
-4.136,55.407,244.808
-4.347,55.309,243.501
-4.548,55.201,242.117
-4.759,55.092,240.667
-4.951,54.984,239.216
-5.152,54.864,237.777
-5.354,54.744,236.316
-5.546,54.613,234.789
-5.738,54.494,233.207
-5.920,54.352,231.614
-6.103,54.210,230.032
-6.286,54.056,228.439
-6.459,53.914,226.813
-6.633,53.750,225.220
-6.796,53.585,223.649
-6.951,53.421,222.067
-7.115,53.245,220.474
-7.260,53.070,218.892
-7.405,52.894,217.321
-7.550,52.707,215.804
-7.685,52.520,214.343
-7.821,52.333,212.970
-7.947,52.135,211.696
-8.073,51.937,210.520
-8.190,51.750,209.443
-8.297,51.540,208.477
-8.423,51.342,207.554
-8.530,51.133,206.675
-8.637,50.923,205.873
-8.735,50.714,205.104
-8.842,50.504,204.346
-8.940,50.284,203.588
-9.038,50.074,202.841
-9.126,49.854,202.104
-9.214,49.633,201.379
-9.303,49.401,200.676
-9.391,49.180,199.984
-9.479,48.960,199.270
-9.558,48.739,198.556
-9.637,48.507,197.842
-9.715,48.286,197.117
-9.794,48.054,196.425
-9.873,47.822,195.732
-9.932,47.623,195.194
-10.011,47.380,194.502
-10.061,47.181,193.920
-10.112,46.949,193.206
-10.162,46.750,192.645
-10.211,46.551,192.107
-10.242,46.352,191.558
-10.292,46.142,190.964
-10.323,45.932,190.327
-10.364,45.733,189.679
-10.404,45.522,189.064
-10.435,45.312,188.481
-10.466,45.091,187.877
-10.497,44.880,187.251
-10.518,44.670,186.625
-10.549,44.460,186.031
-10.571,44.238,185.460
-10.592,44.028,184.944
-10.604,43.806,184.482
-10.616,43.596,184.043
-10.628,43.374,183.571
-10.650,43.142,183.087
-10.662,42.920,182.604
-10.674,42.699,182.175
-10.686,42.477,181.758
-10.688,42.255,181.307
-10.691,42.023,180.846
-10.693,41.812,180.385
-10.705,41.602,179.934
-10.736,41.391,179.539
-10.739,41.170,179.209
-10.732,40.959,178.912
-10.734,40.748,178.616
-10.727,40.504,178.231
-10.720,40.249,177.858
-10.723,40.005,177.506
-10.717,39.750,177.188
-10.700,39.506,176.858
-10.684,39.262,176.528
-10.668,39.018,176.210
-10.651,38.774,175.891
-10.635,38.530,175.573
-10.619,38.275,175.276
-10.602,38.031,175.023
-10.586,37.787,174.792
-10.560,37.543,174.551
-10.543,37.343,174.364
-10.527,37.110,174.155
-10.510,36.910,174.012
-10.484,36.710,173.881
-10.467,36.477,173.705
-10.441,36.278,173.573
-10.425,36.034,173.419
-10.408,35.834,173.342
-10.382,35.590,173.320
-10.356,35.345,173.342
-10.330,35.146,173.342
-10.313,34.946,173.342
-10.296,34.746,173.342
-10.270,34.513,173.375
-10.253,34.313,173.430
-10.236,34.114,173.485
-10.210,33.903,173.540
-10.193,33.703,173.584
-10.176,33.503,173.628
-10.150,33.292,173.683
-10.134,33.082,173.760
-10.117,32.871,173.837
-10.091,32.660,173.925
-10.064,32.449,174.001
-10.048,32.227,174.078
-10.031,32.005,174.133
-10.005,31.794,174.166
-9.989,31.561,174.199
-9.972,31.339,174.221
-9.946,31.117,174.254
-9.929,30.884,174.287
-9.903,30.651,174.331
-9.887,30.418,174.397
-9.861,30.185,174.452
-9.845,29.952,174.507
-9.828,29.719,174.529
-9.802,29.486,174.529
-9.786,29.242,174.529
-9.769,29.009,174.551
-9.743,28.765,174.540
-9.727,28.532,174.507
-9.711,28.288,174.485
-9.694,28.044,174.485
-9.668,27.800,174.496
-9.652,27.556,174.474
-9.626,27.311,174.419
-9.600,27.067,174.364
-9.584,26.834,174.342
-9.568,26.590,174.331
-9.542,26.346,174.320
-9.516,26.113,174.298
-9.499,25.869,174.276
-9.474,25.625,174.254
-9.448,25.392,174.232
-9.431,25.148,174.199
-9.415,24.904,174.155
-9.389,24.670,174.111
-9.373,24.426,174.089
-9.347,24.193,174.056
-9.321,23.960,174.012
-9.295,23.716,173.936
-9.269,23.483,173.837
-9.252,23.239,173.716
-9.226,23.017,173.518
-9.200,22.784,173.276
-9.174,22.551,172.991
-9.148,22.318,172.705
-9.122,22.085,172.430
-9.096,21.863,172.156
-9.070,21.629,171.859
-9.035,21.407,171.541
-9.009,21.174,171.200
-8.973,20.952,170.859
-8.937,20.730,170.519
-8.902,20.497,170.178
-8.866,20.275,169.838
-8.821,20.053,169.486
-8.785,19.830,169.124
-8.750,19.608,168.750
-8.705,19.386,168.387
-8.669,19.153,168.036
-8.624,18.942,167.706
-8.579,18.720,167.388
-8.524,18.508,167.069
-8.479,18.286,166.740
-8.434,18.064,166.421
-8.379,17.842,166.102
-8.324,17.630,165.817
-8.279,17.430,165.553
-8.224,17.208,165.311
-8.169,16.986,165.092
-8.114,16.774,164.894
-8.060,16.563,164.729
-7.996,16.319,164.542
-7.941,16.107,164.399
-7.886,15.885,164.279
-7.822,15.685,164.180
-7.767,15.474,164.103
-7.712,15.273,164.048
-7.657,15.073,164.026
-7.602,14.873,164.026
-7.547,14.673,164.048
-7.492,14.462,164.070
-7.437,14.262,164.081
-7.382,14.061,164.070
-7.318,13.817,164.059
-7.263,13.617,164.048
-7.190,13.372,164.026
-7.126,13.127,163.993
-7.080,12.927,163.949
-7.025,12.727,163.938
-6.961,12.494,163.971
-6.897,12.260,164.059
-6.814,12.015,164.136
-6.750,11.771,164.213
-6.696,11.537,164.312
-6.641,11.304,164.443
-6.577,11.070,164.652
-6.513,10.837,164.905
-6.458,10.603,165.157
-6.394,10.381,165.377
-6.330,10.148,165.553
-6.275,9.914,165.718
-6.230,9.692,165.894
-6.175,9.470,166.058
-6.121,9.236,166.234
-6.066,9.014,166.410
-6.011,8.792,166.564
-5.966,8.558,166.707
-5.912,8.336,166.860
-5.867,8.114,167.036
-5.812,7.880,167.157
-5.767,7.647,167.212
-5.712,7.425,167.190
-5.667,7.191,167.091
-5.622,6.969,166.893
-5.567,6.736,166.608
-5.513,6.502,166.245
-5.458,6.269,165.839
-5.413,6.036,165.432
-5.359,5.802,164.993
-5.295,5.569,164.498
-5.230,5.335,163.916
-5.166,5.102,163.246
-5.102,4.868,162.510
-5.029,4.635,161.785
-4.955,4.412,161.071
-4.872,4.178,160.334
-4.798,3.956,159.532
-4.715,3.733,158.654
-4.641,3.533,157.731
-4.538,3.310,156.753
-4.455,3.098,155.720
-4.362,2.909,154.611
-4.269,2.708,153.446
-4.166,2.497,152.205
-4.063,2.296,150.875
-3.970,2.106,149.425
-3.858,1.928,147.931
-3.746,1.749,146.393
-3.624,1.570,144.756
-3.502,1.392,143.031
-3.380,1.224,141.196
-3.239,1.045,138.867
-3.107,0.888,136.835
-2.956,0.754,134.747
-2.796,0.586,132.056
-2.635,0.440,129.287
-2.456,0.294,126.552
-2.276,0.159,123.717
-2.096,0.057,120.751
-1.916,-0.045,117.828
-1.736,-0.147,115.016
-1.528,-0.249,111.786
-1.338,-0.318,109.094
-1.139,-0.386,106.084
-0.920,-0.455,103.293
-0.711,-0.502,100.613
-0.502,-0.538,98.042
-0.292,-0.573,95.394
-0.064,-0.598,93.252
0.136,-0.611,91.472
0.336,-0.613,89.572
0.546,-0.616,88.033
0.746,-0.607,86.814
0.946,-0.598,85.781
1.156,-0.578,84.880
1.357,-0.569,84.463
1.557,-0.538,84.067
1.758,-0.519,83.551
1.958,-0.499,83.232
