-4.705,-20.578,153.896,0
-4.612,-20.757,153.325,0
-4.528,-20.946,153.446,0
-4.435,-21.135,154.237,0
-4.351,-21.325,155.127,0
-4.268,-21.514,155.951,0
-4.184,-21.703,156.412,0
-4.11,-21.904,156.434,0
-4.026,-22.093,156.226,0
-3.943,-22.283,155.764,0
-3.868,-22.472,155.193,0
-3.775,-22.672,154.446,0
-3.692,-22.862,153.633,0
-3.598,-23.051,152.952,0
-3.505,-23.23,152.249,0
-3.412,-23.419,151.545,0
-3.318,-23.597,150.864,0
-3.225,-23.776,150.139,0
-3.132,-23.954,149.37,0
-3.019,-24.133,148.48,0
-2.916,-24.322,147.448,0
-2.804,-24.49,146.591,0
-2.701,-24.668,145.569,0
-2.589,-24.836,144.8,0
-2.476,-25.003,144.207,0
-2.354,-25.171,143.613,0
-2.232,-25.35,143.207,0
-2.1,-25.518,142.888,0
-1.978,-25.685,142.657,0
-1.856,-25.853,142.438,0
-1.734,-26.02,142.262,0
-1.612,-26.188,142.108,0
-1.48,-26.356,141.954,0
-1.358,-26.523,141.921,0
-1.227,-26.691,142.031,0
-1.105,-26.859,142.141,0
-0.973,-27.037,142.262,0
-0.842,-27.205,142.427,0
-0.72,-27.373,142.504,0
-0.597,-27.54,142.504,0
-0.475,-27.708,142.416,0
-0.344,-27.887,142.372,0
-0.212,-28.055,142.339,0
-0.09,-28.222,142.196,0
0.032,-28.39,142.119,0
0.163,-28.558,142.075,0
0.285,-28.725,141.987,0
0.417,-28.893,141.943,0
0.539,-29.06,141.899,0
0.671,-29.228,141.877,0
0.802,-29.396,141.888,0
0.924,-29.564,141.888,0
1.056,-29.731,141.921,0
1.178,-29.899,141.976,0
1.3,-30.067,142.108,0
1.432,-30.223,142.438,0
1.544,-30.391,142.778,0
1.667,-30.558,143.207,0
1.789,-30.726,143.701,0
1.911,-30.894,144.13,0
2.023,-31.061,144.624,0
2.145,-31.229,145.151,0
2.258,-31.407,145.745,0
2.37,-31.575,146.36,0
2.483,-31.742,146.953,0
2.586,-31.921,147.568,0
2.698,-32.099,148.282,0
2.81,-32.289,148.953,0
2.913,-32.479,149.667,0
3.026,-32.657,150.359,0
3.119,-32.836,150.985,0
3.212,-33.014,151.677,0
3.306,-33.192,152.303,0
3.399,-33.382,152.974,0
3.492,-33.571,153.633,0
3.576,-33.761,154.248,0
3.669,-33.95,154.896,0
3.753,-34.14,155.577,0
3.836,-34.34,156.215,0
3.92,-34.529,156.918,0
3.994,-34.73,157.555,0
4.068,-34.919,158.17,0
4.142,-35.108,158.851,0
4.216,-35.32,159.489,0
4.29,-35.531,160.159,0
4.355,-35.731,160.84,0
4.419,-35.943,161.477,0
4.484,-36.154,162.147,0
4.558,-36.365,162.872,0
4.612,-36.577,163.564,0
4.677,-36.788,164.268,0
4.722,-36.988,164.839,0
4.777,-37.188,165.19,0
4.823,-37.388,165.432,0
4.878,-37.588,165.586,0
4.923,-37.799,165.828,0
4.968,-38.011,166.377,0
5.014,-38.211,167.168,0
5.059,-38.411,168.223,0
5.095,-38.611,169.266,0
5.131,-38.81,170.409,0
5.158,-39.01,171.464,0
5.184,-39.21,172.661,0
5.201,-39.41,173.738,0
5.218,-39.61,174.814,0
5.235,-39.809,175.88,0
5.242,-40.02,177.012,0
5.249,-40.231,178.154,0
5.256,-40.441,179.319,0
5.254,-40.652,180.527,0
5.242,-40.862,181.637,0
5.23,-41.073,182.736,0
5.219,-41.283,183.735,0
5.197,-41.494,184.713,0
5.176,-41.704,185.68,0
5.155,-41.904,186.57,0
5.124,-42.103,187.482,0
5.093,-42.302,188.372,0
5.062,-42.512,189.437,0
5.022,-42.711,190.602,0
4.981,-42.91,191.832,0
4.932,-43.109,193.239,0
4.882,-43.308,194.799,0
4.822,-43.507,196.458,0
4.763,-43.706,198.292,0
4.694,-43.905,200.083,0
4.616,-44.093,201.797,0
4.538,-44.28,203.676,0
4.45,-44.468,205.598,0
4.352,-44.655,207.74,0
4.255,-44.831,209.817,0
4.148,-45.007,211.882,0
4.032,-45.184,214.047,0
3.916,-45.349,216.321,0
3.79,-45.513,218.529,0
3.655,-45.667,220.891,0
3.52,-45.821,223.396,0
3.375,-45.963,226.022,0
3.221,-46.106,228.735,0
3.058,-46.237,231.866,0
2.894,-46.357,234.8,0
2.712,-46.477,237.931,0
2.53,-46.586,241.139,0
2.338,-46.684,244.16,0
2.137,-46.77,247.346,0
1.945,-46.846,250.477,0
1.745,-46.91,253.531,0
1.544,-46.952,256.531,0
1.343,-46.994,259.453,0
1.143,-47.025,262.463,0
0.942,-47.045,265.397,0
0.742,-47.065,268.363,0
0.542,-47.063,271.296,0
0.332,-47.05,274.329,0
0.132,-47.025,277.339,0
-0.067,-47.001,280.327,0
-0.267,-46.954,283.26,0
-0.467,-46.897,286.315,0
-0.666,-46.828,289.589,0
-0.856,-46.76,292.456,0
-1.046,-46.669,295.554,0
-1.226,-46.578,298.433,0
-1.406,-46.476,301.366,0
-1.576,-46.364,304.266,0
-1.737,-46.24,307.233,0
-1.897,-46.105,310.067,0
-2.048,-45.97,312.968,0
-2.199,-45.825,315.791,0
-2.331,-45.668,318.669,0
-2.472,-45.511,321.537,0
-2.594,-45.344,324.481,0
-2.707,-45.176,327.074,0
-2.81,-44.998,329.568,0
-2.913,-44.819,331.963,0
-3.006,-44.641,334.292,0
-3.08,-44.452,336.423,0
-3.164,-44.262,338.291,0
-3.238,-44.062,340.137,0
-3.302,-43.862,341.686,0
-3.367,-43.661,343.059,0
-3.422,-43.461,344.235,0
-3.477,-43.261,345.114,0
-3.522,-43.061,345.751,0
-3.568,-42.861,346.157,0
-3.613,-42.661,346.487,0
-3.659,-42.461,346.794,0
-3.704,-42.261,347.113,0
-3.74,-42.061,347.388,0
-3.786,-41.861,347.618,0
-3.822,-41.661,347.86,0
-3.867,-41.461,348.08,0
-3.903,-41.261,348.234,0
-3.939,-41.061,348.278,0
-3.975,-40.861,348.278,0
-4.02,-40.65,348.146,0
-4.056,-40.45,347.937,0
-4.092,-40.25,347.772,0
-4.137,-40.039,347.574,0
-4.183,-39.839,347.366,0
-4.219,-39.639,347.168,0
-4.264,-39.428,346.937,0
-4.31,-39.228,346.729,0
-4.345,-39.028,346.52,0
-4.391,-38.828,346.289,0
-4.446,-38.617,346.113,0
-4.491,-38.417,345.916,0
-4.537,-38.217,345.707,0
-4.582,-38.017,345.432,0
-4.637,-37.805,345.201,0
-4.683,-37.605,344.949,0
-4.738,-37.405,344.707,0
-4.783,-37.205,344.443,0
-4.838,-37.005,344.246,0
-4.893,-36.805,343.938,0
-4.938,-36.605,343.751,0
-5.003,-36.405,343.542,0
-5.058,-36.205,343.345,0
-5.113,-36.004,343.125,0
-5.168,-35.804,342.916,0
-5.232,-35.604,342.762,0
-5.287,-35.404,342.576,0
-5.352,-35.204,342.4,0
-5.407,-35.004,342.213,0
-5.471,-34.792,342.015,0
-5.536,-34.592,341.785,0
-5.6,-34.392,341.631,0
-5.665,-34.191,341.4,0
-5.729,-33.991,341.213,0
-5.794,-33.791,340.983,0
-5.859,-33.591,340.785,0
-5.932,-33.379,340.554,0
-5.997,-33.168,340.291,0
-6.071,-32.968,340.027,0
-6.135,-32.767,339.796,0
-6.209,-32.556,339.554,0
-6.274,-32.356,339.521,0
-6.348,-32.155,339.489,0
-6.422,-31.966,339.467,0
-6.496,-31.766,339.39,0
-6.561,-31.566,339.368,0
-6.635,-31.376,339.346,0
-6.709,-31.165,339.28,0
-6.773,-30.965,339.148,0
-6.848,-30.775,339.159,0
-6.922,-30.575,339.082,0
-6.986,-30.375,338.994,0
-7.06,-30.185,338.972,0
-7.134,-29.974,338.928,0
-7.208,-29.785,338.917,0
-7.282,-29.584,338.84,0
-7.356,-29.373,338.665,0
-7.43,-29.173,338.566,0
-7.504,-28.961,338.456,0
-7.579,-28.772,338.324,0
-7.653,-28.572,338.203,0
-7.727,-28.382,338.093,0
-7.801,-28.182,337.961,0
-7.875,-27.993,337.819,0
-7.949,-27.803,337.676,0
-8.023,-27.614,337.511,0
-8.098,-27.425,337.313,0
-8.172,-27.236,337.061,0
-8.246,-27.046,336.797,0
-8.32,-26.857,336.467,0
-8.404,-26.657,336.16,0
-8.487,-26.467,335.863,0
-8.571,-26.278,335.588,0
-8.655,-26.089,335.336,0
-8.738,-25.899,335.215,0
-8.822,-25.699,335.017,0
-8.906,-25.509,334.874,0
-8.999,-25.309,334.764,0
-9.092,-25.108,334.688,0
-9.176,-24.919,334.644,0
-9.259,-24.73,334.644,0
-9.353,-24.54,334.655,0
-9.436,-24.351,334.644,0
-9.52,-24.161,334.6,0
-9.613,-23.961,334.6,0
-9.706,-23.76,334.611,0
-9.79,-23.56,334.633,0
-9.883,-23.37,334.644,0
-9.967,-23.181,334.655,0
-10.051,-22.992,334.512,0
-10.134,-22.802,334.259,0
-10.228,-22.624,333.951,0
-10.311,-22.434,333.479,0
-10.405,-22.245,333.094,0
-10.498,-22.055,332.688,0
-10.591,-21.866,332.216,0
-10.684,-21.688,331.809,0
-10.778,-21.498,331.348,0
-10.881,-21.32,330.996,0
-10.974,-21.13,331.051,0
-11.077,-20.952,331.337,0
-11.17,-20.751,331.82,0
-11.273,-20.562,332.446,0
-11.366,-20.361,333.127,0
-11.459,-20.183,333.831,0
-11.543,-19.993,334.6,0
-11.626,-19.804,335.38,0
-11.72,-19.614,336.259,0
-11.794,-19.414,337.159,0
-11.868,-19.225,338.071,0
-11.951,-19.024,339.159,0
-12.025,-18.813,340.214,0
-12.099,-18.601,341.345,0
-12.164,-18.39,342.411,0
-12.219,-18.179,343.433,0
-12.274,-17.979,344.498,0
-12.328,-17.768,345.619,0
-12.383,-17.556,346.718,0
-12.429,-17.345,347.86,0
-12.465,-17.134,349.036,0
-12.5,-16.934,350.145,0
-12.536,-16.723,351.299,0
-12.563,-16.523,352.507,0
-12.579,-16.313,353.837,0
-12.596,-16.102,355.254,0
-12.613,-15.902,356.946,0
-12.62,-15.691,358.989,0
-12.618,-15.47,1.143,0
-12.606,-15.259,3.362,0
-12.594,-15.049,5.68,0
-12.563,-14.85,7.888,0
-12.532,-14.639,10.459,0
-12.492,-14.44,12.953,0
-12.433,-14.23,15.919,0
-12.373,-14.031,18.973,0
-12.295,-13.822,22.28,0
-12.207,-13.623,25.51,0
-12.11,-13.447,28.389,0
-12.012,-13.27,31.432,0
-11.886,-13.083,34.816,0
-11.77,-12.918,37.793,0
-11.625,-12.754,41.21,0
-11.481,-12.6,44.67,0
-11.326,-12.447,48.098,0
-11.173,-12.315,51.46,0
-11.009,-12.184,55.074,0
-10.836,-12.075,58.513,0
-10.654,-11.977,61.908,0
-10.472,-11.879,65.676,0
-10.281,-11.804,69.17,0
-10.08,-11.74,73.037,0
-9.869,-11.675,76.882,0
-9.669,-11.633,80.618,0
-9.459,-11.613,84.397,0
-9.249,-11.594,88.154,0
-9.049,-11.596,91.692,0
-8.849,-11.609,95.24,0
-8.649,-11.633,98.756,0
-8.44,-11.68,102.601,0
-8.24,-11.727,106.392,0
-8.05,-11.795,109.863,0
-7.851,-11.875,113.643,0
-7.661,-11.966,117.587,0
-7.481,-12.067,121.245,0
-7.301,-12.18,125.024,0
-7.141,-12.304,128.749,0
-6.99,-12.439,132.253,0
-6.839,-12.573,135.879,0
-6.707,-12.73,139.526,0
-6.575,-12.887,143.273,0
-6.463,-13.054,146.854,0
-6.36,-13.233,150.48,0
-6.266,-13.411,154.182,0
-6.183,-13.6,157.863,0
-6.108,-13.79,161.499,0
-6.044,-13.99,165.278,0
-5.998,-14.19,168.662,0
-5.963,-14.39,171.617,0
-5.946,-14.59,173.727,0
-5.929,-14.789,174.957,0
-5.912,-14.989,175.562,0
-5.895,-15.189,175.638,0
-5.888,-15.399,175.243,0
-5.871,-15.599,174.792,0
-5.854,-15.799,173.947,0
-5.837,-15.999,172.892,0
-5.811,-16.198,171.705,0
-5.784,-16.398,170.563,0
-5.758,-16.598,169.135,0
-5.713,-16.798,167.52,0
-5.677,-16.998,165.74,0
-5.631,-17.198,164.806,0
-5.576,-17.398,164.707,0
-5.521,-17.598,165.432,0
-5.476,-17.798,166.553,0
-5.44,-17.998,168.431,0
-5.394,-18.198,168.871,0
-5.358,-18.398,168.761,0
-5.322,-18.598,168.618,0
-5.286,-18.798,168.585,0
