-1.771,-0.59,252.905,0
-1.971,-0.655,252.499,0
-2.172,-0.708,252.323,0
-2.364,-0.772,252.18,0
-2.574,-0.836,251.982,0
-2.785,-0.901,251.785,0
-2.995,-0.965,251.598,0
-3.196,-1.029,251.444,0
-3.397,-1.093,251.312,0
-3.598,-1.158,251.169,0
-3.808,-1.222,251.005,0
-4,-1.286,250.873,0
-4.201,-1.34,250.774,0
-4.402,-1.404,250.664,0
-4.612,-1.479,250.554,0
-4.804,-1.544,250.477,0
-5.005,-1.608,250.466,0
-5.206,-1.672,250.433,0
-5.407,-1.737,250.433,0
-5.607,-1.801,250.499,0
-5.818,-1.865,250.532,0
-6.019,-1.929,250.587,0
-6.23,-2.005,250.631,0
-6.44,-2.069,250.686,0
-6.66,-2.133,250.73,0
-6.871,-2.208,250.752,0
-7.091,-2.272,250.774,0
-7.282,-2.337,250.796,0
-7.502,-2.412,250.818,0
-7.694,-2.476,250.873,0
-7.923,-2.54,250.895,0
-8.115,-2.605,250.917,0
-8.306,-2.669,250.961,0
-8.507,-2.733,250.983,0
-8.708,-2.798,250.994,0
-8.909,-2.862,251.016,0
-9.11,-2.926,251.027,0
-9.301,-2.991,251.049,0
-9.502,-3.055,251.071,0
-9.713,-3.119,251.093,0
-9.914,-3.184,251.071,0
-10.115,-3.248,250.994,0
-10.316,-3.323,250.928,0
-10.526,-3.388,250.873,0
-10.727,-3.452,250.873,0
-10.928,-3.516,250.895,0
-11.139,-3.591,250.906,0
-11.34,-3.656,250.917,0
-11.55,-3.72,250.939,0
-11.76,-3.784,250.961,0
-11.971,-3.848,250.983,0
-12.182,-3.924,251.027,0
-12.392,-3.988,251.082,0
-12.603,-4.063,251.071,0
-12.813,-4.127,251.06,0
-13.033,-4.191,251.06,0
-13.244,-4.267,251.06,0
-13.464,-4.331,251.071,0
-13.684,-4.406,251.06,0
-13.904,-4.47,251.093,0
-14.124,-4.545,251.071,0
-14.315,-4.61,251.071,0
-14.545,-4.685,251.071,0
-14.765,-4.76,251.082,0
-14.995,-4.824,251.104,0
-15.186,-4.888,251.082,0
-15.406,-4.964,251.06,0
-15.636,-5.028,251.06,0
-15.827,-5.092,251.049,0
-16.028,-5.156,251.06,0
-16.258,-5.231,251.082,0
-16.488,-5.295,251.115,0
-16.679,-5.36,251.104,0
-16.88,-5.424,251.093,0
-17.071,-5.488,251.104,0
-17.272,-5.553,251.136,0
-17.502,-5.628,251.136,0
-17.732,-5.703,251.158,0
-17.923,-5.767,251.202,0
-18.133,-5.832,251.235,0
-18.363,-5.907,251.246,0
-18.593,-5.982,251.246,0
-18.794,-6.046,251.257,0
-18.995,-6.11,251.268,0
-19.196,-6.164,251.279,0
-19.387,-6.228,251.279,0
-19.588,-6.292,251.257,0
-19.789,-6.357,251.202,0
-19.99,-6.421,251.169,0
-20.191,-6.485,251.158,0
-20.401,-6.549,251.147,0
-20.602,-6.625,251.136,0
-20.813,-6.689,251.104,0
-21.023,-6.753,251.093,0
-21.224,-6.829,251.082,0
-21.435,-6.893,251.082,0
-21.645,-6.957,251.082,0
-21.856,-7.032,251.093,0
-22.066,-7.097,251.125,0
-22.277,-7.161,251.158,0
-22.497,-7.236,251.18,0
-22.707,-7.3,251.191,0
-22.928,-7.364,251.213,0
-23.138,-7.439,251.224,0
-23.358,-7.504,251.257,0
-23.569,-7.579,251.279,0
-23.789,-7.643,251.29,0
-23.999,-7.718,251.301,0
-24.219,-7.782,251.312,0
-24.44,-7.858,251.345,0
-24.65,-7.922,251.422,0
-24.87,-7.986,251.466,0
-25.081,-8.061,251.499,0
-25.301,-8.125,251.499,0
-25.521,-8.189,251.521,0
-25.731,-8.265,251.543,0
-25.951,-8.329,251.554,0
-26.171,-8.404,251.565,0
-26.391,-8.468,251.576,0
-26.612,-8.543,251.565,0
-26.832,-8.607,251.543,0
-27.052,-8.682,251.532,0
-27.272,-8.747,251.543,0
-27.501,-8.822,251.532,0
-27.721,-8.886,251.51,0
-27.942,-8.961,251.488,0
-28.162,-9.025,251.488,0
-28.382,-9.1,251.488,0
-28.611,-9.175,251.477,0
-28.831,-9.239,251.444,0
-29.061,-9.314,251.422,0
-29.281,-9.39,251.411,0
-29.511,-9.465,251.411,0
-29.74,-9.529,251.411,0
-29.961,-9.604,251.378,0
-30.19,-9.679,251.345,0
-30.41,-9.743,251.334,0
-30.64,-9.818,251.334,0
-30.86,-9.893,251.345,0
-31.09,-9.957,251.345,0
-31.31,-10.033,251.334,0
-31.53,-10.108,251.334,0
-31.75,-10.172,251.334,0
-31.98,-10.247,251.334,0
-32.19,-10.322,251.356,0
-32.41,-10.386,251.389,0
-32.602,-10.451,251.4,0
-32.822,-10.515,251.411,0
-33.032,-10.59,251.433,0
-33.252,-10.665,251.455,0
-33.482,-10.729,251.455,0
-33.702,-10.804,251.466,0
-33.922,-10.869,251.477,0
-34.133,-10.933,251.488,0
-34.362,-11.008,251.477,0
-34.573,-11.072,251.488,0
-34.793,-11.147,251.521,0
-35.013,-11.211,251.554,0
-35.233,-11.286,251.565,0
-35.444,-11.351,251.576,0
-35.664,-11.426,251.576,0
-35.884,-11.49,251.576,0
-36.094,-11.554,251.598,0
-36.314,-11.629,251.642,0
-36.525,-11.694,251.675,0
-36.745,-11.758,251.686,0
-36.965,-11.833,251.686,0
-37.175,-11.897,251.686,0
-37.395,-11.961,251.686,0
-37.606,-12.036,251.697,0
-37.817,-12.101,251.708,0
-38.037,-12.176,251.719,0
-38.247,-12.24,251.741,0
-38.458,-12.304,251.763,0
-38.678,-12.368,251.763,0
-38.888,-12.444,251.763,0
-39.108,-12.508,251.774,0
-39.319,-12.572,251.807,0
-39.539,-12.636,251.818,0
-39.749,-12.7,251.84,0
-39.969,-12.775,251.851,0
-40.18,-12.84,251.84,0
-40.39,-12.904,251.829,0
-40.61,-12.968,251.851,0
-40.821,-13.043,251.873,0
-41.031,-13.107,251.884,0
-41.242,-13.172,251.873,0
-41.462,-13.236,251.884,0
-41.672,-13.3,251.884,0
-41.883,-13.375,251.884,0
-42.094,-13.439,251.862,0
-42.314,-13.503,251.862,0
-42.524,-13.579,251.873,0
-42.735,-13.643,251.884,0
-42.945,-13.707,251.895,0
-43.165,-13.771,251.895,0
-43.376,-13.847,251.895,0
-43.586,-13.911,251.873,0
-43.806,-13.975,251.862,0
-44.017,-14.039,251.862,0
-44.227,-14.114,251.84,0
-44.438,-14.179,251.829,0
-44.648,-14.243,251.818,0
-44.859,-14.307,251.829,0
-45.069,-14.382,251.851,0
-45.28,-14.446,251.851,0
-45.5,-14.511,251.84,0
-45.71,-14.575,251.818,0
-45.93,-14.65,251.818,0
-46.141,-14.714,251.818,0
-46.361,-14.778,251.796,0
-46.571,-14.842,251.796,0
-46.782,-14.907,251.829,0
-46.993,-14.982,251.84,0
-47.213,-15.046,251.84,0
-47.423,-15.11,251.84,0
-47.643,-15.185,251.818,0
-47.854,-15.25,251.785,0
-48.074,-15.314,251.774,0
-48.284,-15.378,251.796,0
-48.495,-15.453,251.818,0
-48.715,-15.517,251.807,0
-48.925,-15.582,251.752,0
-49.145,-15.646,251.73,0
-49.356,-15.721,251.752,0
-49.576,-15.785,251.796,0
-49.786,-15.849,251.818,0
-50.007,-15.924,251.818,0
-50.217,-15.989,251.785,0
-50.437,-16.053,251.752,0
-50.648,-16.117,251.752,0
-50.868,-16.192,251.807,0
-51.078,-16.256,251.873,0
-51.298,-16.32,251.884,0
-51.509,-16.396,251.862,0
-51.729,-16.46,251.829,0
-51.939,-16.524,251.829,0
-52.159,-16.588,251.851,0
-52.37,-16.663,251.862,0
-52.59,-16.727,251.873,0
-52.8,-16.792,251.895,0
-53.011,-16.856,251.917,0
-53.221,-16.931,251.917,0
-53.441,-16.995,251.917,0
-53.652,-17.059,251.927,0
-53.862,-17.124,251.949,0
-54.073,-17.188,251.993,0
-54.293,-17.252,252.015,0
-54.504,-17.327,251.982,0
-54.724,-17.391,251.96,0
-54.934,-17.456,251.971,0
-55.154,-17.52,252.004,0
-55.374,-17.595,252.004,0
-55.594,-17.659,251.982,0
-55.814,-17.723,251.949,0
-56.034,-17.798,251.927,0
-56.274,-17.873,251.927,0
-56.494,-17.937,251.938,0
-56.723,-18.012,251.949,0
-56.943,-18.076,251.938,0
-57.173,-18.152,251.917,0
-57.403,-18.216,251.906,0
-57.623,-18.291,251.917,0
-57.852,-18.366,251.917,0
-58.082,-18.43,251.906,0
-58.312,-18.505,251.917,0
-58.541,-18.58,251.895,0
-58.771,-18.644,251.884,0
-58.962,-18.708,251.895,0
-59.192,-18.772,251.906,0
-59.431,-18.847,251.884,0
-59.661,-18.922,251.862,0
-59.852,-18.987,251.851,0
-60.091,-19.062,251.829,0
-60.33,-19.137,251.807,0
-60.57,-19.212,251.796,0
-60.809,-19.287,251.774,0
-61.048,-19.362,251.774,0
-61.249,-19.415,251.774,0
-61.44,-19.479,251.763,0
-61.632,-19.544,251.719,0
-61.833,-19.597,251.697,0
-62.024,-19.661,251.708,0
-62.215,-19.726,251.719,0
-62.416,-19.79,251.73,0
-62.656,-19.865,251.708,0
-62.847,-19.929,251.686,0
-63.048,-19.983,251.675,0
-63.239,-20.047,251.686,0
-63.44,-20.111,251.719,0
-63.632,-20.176,251.752,0
-63.823,-20.24,251.763,0
-64.024,-20.293,251.774,0
-64.215,-20.358,251.763,0
-64.416,-20.422,251.763,0
-64.655,-20.497,251.774,0
-64.847,-20.562,251.785,0
-65.048,-20.615,251.807,0
-65.239,-20.679,251.84,0
-65.44,-20.743,251.873,0
-65.631,-20.808,251.895,0
-65.832,-20.861,251.906,0
-66.024,-20.926,251.906,0
-66.225,-20.99,251.906,0
-66.464,-21.065,251.906,0
-66.665,-21.129,251.906,0
-66.904,-21.204,251.927,0
-67.105,-21.257,251.938,0
-67.296,-21.322,251.927,0
-67.488,-21.386,251.917,0
-67.689,-21.45,251.927,0
-67.889,-21.504,251.917,0
-68.081,-21.568,251.917,0
-68.272,-21.632,251.917,0
-68.473,-21.686,251.917,0
-68.664,-21.75,251.917,0
-68.865,-21.814,251.917,0
-69.105,-21.889,251.927,0
-69.305,-21.943,251.949,0
-69.497,-22.007,251.982,0
-69.698,-22.071,252.015,0
-69.937,-22.146,252.048,0
-70.176,-22.221,252.048,0
-70.377,-22.275,252.059,0
-70.568,-22.339,252.081,0
-70.76,-22.403,252.092,0
-70.961,-22.457,252.114,0
-71.152,-22.521,252.125,0
-71.344,-22.585,252.136,0
-71.583,-22.66,252.158,0
-71.784,-22.714,252.191,0
-71.975,-22.778,252.224,0
-72.214,-22.853,252.235,0
-72.453,-22.928,252.246,0
-72.693,-23.003,252.279,0
-72.932,-23.078,252.268,0
-73.171,-23.142,252.279,0
-73.362,-23.206,252.29,0
-73.602,-23.281,252.312,0
-73.841,-23.345,252.301,0
-74.07,-23.42,252.257,0
-74.309,-23.495,252.246,0
-74.501,-23.56,252.235,0
-74.73,-23.623,252.202,0
-74.922,-23.688,252.202,0
-75.151,-23.752,252.235,0
-75.343,-23.816,252.257,0
-75.582,-23.891,252.257,0
-75.812,-23.955,252.246,0
-76.051,-24.03,252.235,0
-76.28,-24.094,252.213,0
-76.472,-24.159,252.191,0
-76.701,-24.234,252.18,0
-76.931,-24.298,252.18,0
-77.122,-24.362,252.169,0
-77.352,-24.426,252.147,0
-77.543,-24.491,252.136,0
-77.773,-24.555,252.136,0
-78.003,-24.63,252.158,0
-78.242,-24.705,252.158,0
-78.471,-24.769,252.147,0
-78.691,-24.844,252.147,0
-78.921,-24.908,252.147,0
-79.151,-24.983,252.136,0
-79.371,-25.047,252.136,0
-79.6,-25.111,252.158,0
-79.82,-25.186,252.158,0
-80.05,-25.261,252.158,0
-80.28,-25.325,252.158,0
-80.5,-25.4,252.158,0
-80.72,-25.464,252.158,0
-80.949,-25.528,252.169,0
-81.179,-25.604,252.169,0
-81.399,-25.668,252.158,0
-81.619,-25.743,252.147,0
-81.839,-25.807,252.147,0
-82.069,-25.871,252.169,0
-82.289,-25.946,252.191,0
-82.509,-26.01,252.191,0
-82.729,-26.074,252.169,0
-82.949,-26.149,252.147,0
-83.169,-26.214,252.114,0
-83.389,-26.278,252.103,0
-83.609,-26.342,252.103,0
-83.829,-26.406,252.103,0
-84.049,-26.481,252.114,0
-84.269,-26.545,252.114,0
-84.48,-26.609,252.103,0
-84.7,-26.673,252.07,0
-84.92,-26.738,252.048,0
-85.13,-26.813,252.037,0
-85.35,-26.877,252.037,0
-85.561,-26.941,252.059,0
-85.781,-27.005,252.059,0
-85.991,-27.069,252.037,0
-86.212,-27.145,252.015,0
-86.422,-27.209,252.004,0
-86.633,-27.273,251.993,0
-86.843,-27.337,251.971,0
-87.063,-27.401,251.96,0
-87.274,-27.477,251.938,0
-87.484,-27.541,251.938,0
-87.695,-27.605,251.971,0
-87.905,-27.669,251.982,0
-88.106,-27.734,251.971,0
-88.326,-27.798,251.971,0
-88.527,-27.862,251.982,0
-88.737,-27.926,251.993,0
-88.948,-27.99,252.004,0
-89.158,-28.055,251.993,0
-89.369,-28.119,251.982,0
-89.579,-28.183,251.982,0
-89.79,-28.247,252.004,0
-90,-28.322,252.026,0
-90.211,-28.387,252.026,0
-90.421,-28.451,252.004,0
-90.641,-28.515,252.004,0
-90.852,-28.579,252.026,0
-91.072,-28.654,252.037,0
-91.292,-28.718,252.026,0
-91.512,-28.782,252.026,0
-91.723,-28.847,252.037,0
-91.943,-28.922,252.037,0
-92.163,-28.986,252.048,0
-92.383,-29.061,252.059,0
-92.603,-29.125,252.037,0
-92.823,-29.189,252.004,0
-93.043,-29.265,251.993,0
-93.263,-29.329,251.982,0
-93.493,-29.404,251.971,0
-93.713,-29.468,251.938,0
-93.933,-29.543,251.884,0
-94.153,-29.607,251.851,0
-94.373,-29.682,251.84,0
-94.593,-29.746,251.818,0
-94.813,-29.822,251.785,0
-95.033,-29.886,251.752,0
-95.263,-29.961,251.697,0
-95.483,-30.025,251.642,0
-95.703,-30.1,251.631,0
-95.914,-30.175,251.62,0
-96.134,-30.239,251.587,0
-96.354,-30.315,251.543,0
-96.574,-30.379,251.499,0
-96.794,-30.454,251.466,0
-97.014,-30.518,251.466,0
-97.225,-30.582,251.444,0
-97.445,-30.657,251.422,0
-97.655,-30.722,251.389,0
-97.875,-30.797,251.378,0
-98.086,-30.861,251.411,0
-98.296,-30.925,251.466,0
-98.507,-31,251.499,0
-98.717,-31.065,251.499,0
-98.928,-31.129,251.51,0
-99.138,-31.204,251.554,0
-99.349,-31.268,251.576,0
-99.559,-31.332,251.565,0
-99.77,-31.408,251.576,0
-99.98,-31.472,251.62,0
-100.191,-31.536,251.675,0
-100.401,-31.6,251.708,0
-100.612,-31.676,251.697,0
-100.822,-31.729,251.697,0
-101.033,-31.804,251.719,0
-101.244,-31.868,251.774,0
-101.454,-31.932,251.818,0
-101.664,-31.997,251.807,0
-101.875,-32.061,251.785,0
-102.085,-32.125,251.785,0
-102.296,-32.189,251.818,0
-102.507,-32.265,251.862,0
-102.707,-32.329,251.906,0
-102.927,-32.393,251.906,0
-103.138,-32.457,251.873,0
-103.339,-32.521,251.873,0
-103.549,-32.586,251.917,0
-103.76,-32.65,251.971,0
-103.97,-32.714,251.993,0
-104.181,-32.778,251.982,0
-104.391,-32.843,251.993,0
-104.602,-32.907,251.993,0
-104.812,-32.971,251.982,0
-105.023,-33.035,251.993,0
-105.224,-33.11,251.993,0
-105.444,-33.175,251.982,0
-105.645,-33.239,251.949,0
-105.855,-33.303,251.96,0
-106.066,-33.367,251.993,0
-106.276,-33.432,252.015,0
-106.477,-33.496,252.026,0
-106.688,-33.56,252.037,0
-106.898,-33.624,252.037,0
-107.109,-33.688,252.026,0
-107.31,-33.753,252.015,0
-107.52,-33.817,252.026,0
-107.731,-33.881,252.026,0
-107.941,-33.945,252.026,0
-108.152,-34.01,252.015,0
-108.362,-34.074,252.015,0
-108.573,-34.138,252.048,0
-108.783,-34.213,252.07,0
-109.003,-34.277,252.081,0
-109.214,-34.342,252.059,0
-109.424,-34.406,252.048,0
-109.635,-34.481,252.037,0
-109.855,-34.545,252.026,0
-110.065,-34.609,252.026,0
-110.276,-34.674,252.059,0
-110.496,-34.738,252.092,0
-110.706,-34.813,252.092,0
-110.917,-34.877,252.081,0
-111.137,-34.941,252.07,0
-111.347,-35.005,252.059,0
-111.558,-35.07,252.048,0
-111.778,-35.145,252.037,0
-111.988,-35.209,252.07,0
-112.199,-35.273,252.081,0
-112.409,-35.337,252.07,0
-112.62,-35.402,252.07,0
-112.83,-35.466,252.059,0
-113.041,-35.541,252.026,0
-113.251,-35.605,252.004,0
-113.462,-35.669,251.993,0
-113.663,-35.734,251.971,0
-113.873,-35.798,251.938,0
-114.084,-35.862,251.927,0
-114.294,-35.926,251.906,0
-114.505,-35.991,251.895,0
-114.706,-36.055,251.938,0
-114.916,-36.119,251.96,0
-115.127,-36.183,251.96,0
-115.337,-36.248,251.938,0
-115.548,-36.312,251.927,0
-115.749,-36.376,251.927,0
-115.959,-36.44,251.949,0
-116.16,-36.505,252.015,0
-116.371,-36.569,252.048,0
-116.572,-36.633,252.048,0
-116.782,-36.697,252.037,0
-116.983,-36.762,252.048,0
-117.184,-36.826,252.07,0
-117.394,-36.89,252.114,0
-117.595,-36.954,252.147,0
-117.796,-37.019,252.18,0
-117.997,-37.083,252.18,0
-118.208,-37.136,252.18,0
-118.409,-37.2,252.18,0
-118.609,-37.265,252.202,0
-118.82,-37.329,252.224,0
-119.021,-37.393,252.224,0
-119.231,-37.457,252.213,0
-119.432,-37.522,252.235,0
-119.643,-37.586,252.257,0
-119.844,-37.639,252.257,0
-120.054,-37.703,252.235,0
-120.255,-37.768,252.235,0
-120.466,-37.832,252.235,0
-120.667,-37.896,252.235,0
-120.877,-37.96,252.246,0
-121.078,-38.025,252.279,0
-121.288,-38.089,252.279,0
-121.499,-38.153,252.268,0
-121.7,-38.217,252.246,0
-121.901,-38.282,252.224,0
-122.111,-38.335,252.213,0
-122.312,-38.399,252.202,0
-122.523,-38.463,252.213,0
-122.724,-38.528,252.235,0
-122.934,-38.592,252.257,0
-123.145,-38.656,252.257,0
-123.355,-38.72,252.246,0
-123.556,-38.785,252.235,0
-123.766,-38.849,252.235,0
-123.977,-38.913,252.235,0
-124.197,-38.977,252.202,0
-124.407,-39.041,252.191,0
-124.618,-39.105,252.18,0
-124.828,-39.17,252.191,0
-125.039,-39.234,252.191,0
-125.249,-39.298,252.191,0
-125.469,-39.362,252.169,0
-125.68,-39.437,252.158,0
-125.9,-39.49,252.136,0
-126.11,-39.555,252.103,0
-126.33,-39.619,252.092,0
-126.541,-39.694,252.103,0
-126.751,-39.758,252.103,0
-126.962,-39.822,252.092,0
-127.172,-39.887,252.07,0
-127.383,-39.951,252.048,0
-127.603,-40.015,251.993,0
-127.804,-40.079,251.927,0
-128.014,-40.143,251.927,0
-128.225,-40.208,251.917,0
-128.435,-40.272,251.906,0
-128.646,-40.336,251.873,0
-128.856,-40.4,251.851,0
-129.057,-40.465,251.851,0
-129.277,-40.529,251.862,0
-129.478,-40.593,251.862,0
-129.689,-40.657,251.873,0
-129.899,-40.721,251.873,0
-130.11,-40.786,251.862,0
-130.32,-40.85,251.851,0
-130.54,-40.925,251.84,0
-130.751,-40.989,251.851,0
-130.961,-41.053,251.851,0
-131.172,-41.118,251.851,0
-131.382,-41.193,251.84,0
-131.602,-41.257,251.829,0
-131.813,-41.321,251.807,0
-132.033,-41.385,251.796,0
-132.253,-41.46,251.785,0
-132.464,-41.525,251.774,0
-132.684,-41.589,251.774,0
-132.904,-41.664,251.752,0
-133.124,-41.728,251.763,0
-133.344,-41.803,251.752,0
-133.564,-41.867,251.741,0
-133.784,-41.942,251.719,0
-134.004,-42.007,251.697,0
-134.224,-42.082,251.675,0
-134.444,-42.146,251.664,0
-134.664,-42.221,251.686,0
-134.884,-42.296,251.697,0
-135.104,-42.36,251.686,0
-135.325,-42.435,251.675,0
-135.554,-42.499,251.653,0
-135.774,-42.575,251.642,0
-135.994,-42.639,251.62,0
-136.214,-42.714,251.576,0
-136.434,-42.778,251.554,0
-136.655,-42.853,251.532,0
-136.875,-42.928,251.521,0
-137.104,-42.992,251.521,0
-137.315,-43.068,251.532,0
-137.545,-43.143,251.532,0
-137.765,-43.207,251.51,0
-137.975,-43.282,251.488,0
-138.195,-43.346,251.477,0
-138.415,-43.421,251.477,0
-138.626,-43.486,251.488,0
-138.846,-43.55,251.499,0
-139.056,-43.625,251.499,0
-139.267,-43.689,251.51,0
-139.487,-43.753,251.51,0
-139.698,-43.829,251.51,0
-139.908,-43.893,251.51,0
-140.119,-43.957,251.543,0
-140.32,-44.021,251.576,0
-140.53,-44.085,251.587,0
-140.741,-44.161,251.62,0
-140.951,-44.225,251.62,0
-141.152,-44.289,251.609,0
-141.363,-44.353,251.62,0
-141.563,-44.418,251.631,0
-141.764,-44.482,251.653,0
-141.975,-44.546,251.675,0
-142.176,-44.611,251.664,0
-142.377,-44.675,251.631,0
-142.587,-44.739,251.598,0
-142.788,-44.803,251.598,0
-142.989,-44.868,251.631,0
-143.19,-44.932,251.675,0
-143.401,-44.996,251.686,0
-143.602,-45.06,251.653,0
-143.803,-45.125,251.62,0
-144.003,-45.189,251.609,0
-144.204,-45.253,251.62,0
-144.415,-45.318,251.642,0
-144.616,-45.382,251.642,0
-144.817,-45.446,251.686,0
-145.027,-45.51,251.686,0
-145.228,-45.575,251.653,0
-145.439,-45.639,251.653,0
-145.64,-45.703,251.697,0
-145.85,-45.767,251.741,0
-146.051,-45.832,251.752,0
-146.262,-45.896,251.752,0
-146.463,-45.96,251.774,0
-146.663,-46.025,251.785,0
-146.864,-46.089,251.796,0
-147.075,-46.153,251.818,0
-147.276,-46.217,251.862,0
-147.477,-46.282,251.895,0
-147.678,-46.346,251.917,0
-147.888,-46.41,251.895,0
-148.089,-46.474,251.873,0
-148.29,-46.528,251.895,0
-148.491,-46.592,251.938,0
-148.692,-46.656,251.949,0
-148.893,-46.721,252.004,0
-149.103,-46.785,252.092,0
-149.304,-46.849,252.158,0
-149.505,-46.913,252.147,0
-149.706,-46.967,252.103,0
-149.907,-47.031,252.114,0
-150.108,-47.095,252.191,0
-150.309,-47.16,252.257,0
-150.51,-47.213,252.29,0
-150.701,-47.277,252.279,0
-150.902,-47.342,252.268,0
-151.103,-47.406,252.29,0
-151.304,-47.47,252.323,0
-151.495,-47.535,252.356,0
-151.696,-47.588,252.389,0
-151.897,-47.663,252.4,0
-152.098,-47.716,252.411,0
-152.299,-47.781,252.411,0
-152.491,-47.845,252.411,0
-152.691,-47.898,252.411,0
-152.892,-47.963,252.411,0
-153.093,-48.027,252.411,0
-153.294,-48.091,252.422,0
-153.495,-48.144,252.444,0
-153.696,-48.209,252.466,0
-153.906,-48.273,252.477,0
-154.107,-48.337,252.477,0
-154.308,-48.39,252.477,0
-154.509,-48.455,252.466,0
-154.72,-48.519,252.455,0
-154.921,-48.572,252.466,0
-155.131,-48.636,252.488,0
-155.332,-48.701,252.499,0
-155.533,-48.754,252.488,0
-155.734,-48.818,252.488,0
-155.935,-48.883,252.499,0
-156.136,-48.936,252.51,0
-156.336,-49,252.51,0
-156.576,-49.064,252.499,0
-156.776,-49.128,252.51,0
-156.968,-49.193,252.532,0
-157.207,-49.257,252.554,0
-157.437,-49.332,252.565,0
-157.666,-49.396,252.587,0
-157.867,-49.449,252.598,0
-158.058,-49.513,252.609,0
-158.259,-49.566,252.609,0
-158.451,-49.631,252.609,0
-158.671,-49.706,252.631,0
-158.9,-49.77,252.664,0
-159.092,-49.834,252.675,0
-159.293,-49.888,252.653,0
-159.484,-49.952,252.631,0
-159.714,-50.016,252.631,0
-159.905,-50.081,252.631,0
-160.135,-50.145,252.642,0
-160.326,-50.209,252.642,0
-160.565,-50.284,252.609,0
-160.795,-50.348,252.587,0
-160.996,-50.412,252.565,0
-161.225,-50.476,252.521,0
-161.426,-50.54,252.51,0
-161.656,-50.604,252.477,0
-161.847,-50.669,252.444,0
-162.048,-50.722,252.4,0
-162.249,-50.786,252.367,0
-162.479,-50.85,252.323,0
-162.67,-50.915,252.279,0
-162.871,-50.979,252.202,0
-163.1,-51.043,252.103,0
-163.292,-51.108,252.015,0
-163.493,-51.172,251.96,0
-163.722,-51.236,251.906,0
-163.914,-51.3,251.851,0
-164.105,-51.365,251.807,0
-164.297,-51.429,251.741,0
-164.526,-51.493,251.664,0
-164.718,-51.557,251.598,0
-164.909,-51.622,251.521,0
-165.139,-51.686,251.488,0
-165.33,-51.75,251.477,0
-165.55,-51.825,251.433,0
-165.78,-51.889,251.378,0
-165.971,-51.954,251.334,0
-166.191,-52.029,251.301,0
-166.421,-52.104,251.29,0
-166.641,-52.168,251.268,0
-166.832,-52.233,251.268,0
-167.052,-52.308,251.257,0
-167.272,-52.372,251.268,0
-167.464,-52.436,251.279,0
-167.684,-52.511,251.312,0
-167.904,-52.576,251.345,0
-168.095,-52.64,251.345,0
-168.315,-52.704,251.367,0
-168.536,-52.779,251.433,0
-168.727,-52.844,251.499,0
-168.947,-52.908,251.554,0
-169.167,-52.983,251.565,0
-169.387,-53.047,251.587,0
-169.607,-53.122,251.609,0
-169.799,-53.187,251.631,0
-170.019,-53.251,251.675,0
-170.239,-53.326,251.686,0
-170.459,-53.39,251.697,0
-170.65,-53.454,251.697,0
-170.87,-53.519,251.719,0
-171.062,-53.583,251.73,0
-171.282,-53.658,251.73,0
-171.511,-53.722,251.752,0
-171.732,-53.797,251.807,0
-171.961,-53.861,251.862,0
-172.181,-53.936,251.84,0
-172.411,-54.012,251.84,0
-172.631,-54.076,251.906,0
-172.822,-54.14,251.927,0
-173.052,-54.204,251.927,0
-173.272,-54.279,251.927,0
-173.502,-54.343,251.971,0
-173.693,-54.408,251.96,0
-173.885,-54.472,251.938,0
-174.105,-54.536,251.917,0
-174.296,-54.601,251.873,0
-174.525,-54.665,251.818,0
-174.746,-54.74,251.807,0
-174.937,-54.804,251.818,0
-175.167,-54.879,251.818,0
-175.396,-54.943,251.851,0
-175.588,-55.008,251.851,0
-175.779,-55.072,251.829,0
-176.009,-55.136,251.84,0
-176.2,-55.2,251.884,0
-176.391,-55.265,251.895,0
-176.583,-55.329,251.862,0
-176.812,-55.393,251.829,0
-177.004,-55.458,251.851,0
-177.234,-55.533,251.884,0
-177.454,-55.597,251.873,0
-177.645,-55.661,251.862,0
-177.875,-55.725,251.862,0
-178.066,-55.79,251.851,0
-178.286,-55.854,251.873,0
-178.477,-55.918,251.884,0
-178.697,-55.982,251.906,0
-178.917,-56.046,251.895,0
-179.109,-56.111,251.895,0
-179.329,-56.175,251.895,0
-179.52,-56.239,251.895,0
-179.74,-56.303,251.917,0
-179.932,-56.368,251.938,0
-180.152,-56.432,251.938,0
-180.343,-56.496,251.938,0
-180.563,-56.56,251.927,0
-180.755,-56.625,251.938,0
-180.975,-56.689,251.96,0
-181.166,-56.753,251.96,0
-181.396,-56.817,251.949,0
-181.616,-56.892,251.927,0
-181.845,-56.956,251.938,0
-182.065,-57.032,251.971,0
-182.285,-57.096,251.971,0
-182.515,-57.171,251.96,0
-182.735,-57.235,251.96,0
-182.927,-57.299,251.949,0
-183.147,-57.363,251.938,0
-183.367,-57.439,251.96,0
-183.596,-57.503,251.971,0
-183.816,-57.578,251.971,0
-184.036,-57.642,251.971,0
-184.256,-57.706,251.993,0
-184.448,-57.77,251.993,0
-184.668,-57.834,251.971,0
-184.888,-57.91,251.971,0
-185.108,-57.974,251.949,0
-185.328,-58.049,251.938,0
-185.558,-58.113,251.927,0
-185.778,-58.177,251.927,0
-185.969,-58.241,251.927,0
-186.189,-58.305,251.917,0
-186.381,-58.37,251.917,0
-186.61,-58.434,251.927,0
-186.83,-58.509,251.906,0
-187.022,-58.573,251.873,0
-187.251,-58.637,251.862,0
-187.443,-58.702,251.873,0
-187.663,-58.766,251.84,0
-187.854,-58.83,251.796,0
-188.084,-58.905,251.774,0
-188.304,-58.97,251.763,0
-188.495,-59.034,251.719,0
-188.715,-59.109,251.664,0
-188.945,-59.173,251.653,0
-189.165,-59.248,251.642,0
-189.385,-59.323,251.609,0
-189.605,-59.388,251.565,0
-189.825,-59.463,251.532,0
-190.055,-59.527,251.488,0
-190.275,-59.602,251.488,0
-190.486,-59.677,251.488,0
-190.715,-59.741,251.477,0
-190.926,-59.816,251.455,0
-191.146,-59.881,251.422,0
-191.366,-59.956,251.411,0
-191.576,-60.02,251.389,0
-191.797,-60.095,251.378,0
-192.007,-60.17,251.367,0
-192.227,-60.234,251.345,0
-192.438,-60.31,251.345,0
-192.658,-60.374,251.334,0
-192.868,-60.449,251.323,0
-193.079,-60.513,251.312,0
-193.299,-60.589,251.29,0
-193.51,-60.664,251.29,0
-193.72,-60.728,251.279,0
-193.94,-60.803,251.279,0
-194.151,-60.867,251.29,0
-194.361,-60.943,251.301,0
-194.572,-61.007,251.29,0
-194.792,-61.071,251.312,0
-195.003,-61.146,251.367,0
-195.213,-61.21,251.411,0
-195.424,-61.286,251.433,0
-195.634,-61.35,251.455,0
-195.835,-61.414,251.488,0
-196.046,-61.478,251.521,0
-196.256,-61.543,251.543,0
-196.457,-61.607,251.576,0
-196.667,-61.671,251.609,0
-196.868,-61.735,251.642,0
-197.079,-61.8,251.664,0
-197.28,-61.864,251.686,0
-197.481,-61.928,251.741,0
-197.672,-61.993,251.807,0
-197.873,-62.046,251.818,0
-198.074,-62.11,251.818,0
-198.275,-62.175,251.84,0
-198.476,-62.228,251.927,0
-198.667,-62.292,251.971,0
-198.868,-62.356,251.96,0
-199.069,-62.41,251.982,0
-199.26,-62.474,252.048,0
-199.452,-62.538,252.081,0
-199.653,-62.592,252.059,0
-199.844,-62.656,252.081,0
-200.074,-62.72,252.125,0
-200.265,-62.785,252.147,0
-200.485,-62.849,252.125,0
-200.705,-62.913,252.18,0
-200.925,-62.988,252.268,0
-201.145,-63.052,252.29,0
-201.356,-63.116,252.301,0
-201.576,-63.18,252.334,0
-201.767,-63.245,252.367,0
-201.978,-63.309,252.367,0
-202.198,-63.373,252.389,0
-202.399,-63.437,252.455,0
-202.609,-63.49,252.499,0
-202.819,-63.555,252.543,0
-203.02,-63.619,252.587,0
-203.231,-63.683,252.609,0
-203.432,-63.747,252.631,0
-203.633,-63.801,252.653,0
-203.824,-63.865,252.675,0
-204.025,-63.918,252.729,0
-204.216,-63.983,252.762,0
-204.427,-64.036,252.762,0
-204.618,-64.1,252.795,0
-204.819,-64.153,252.828,0
-205.01,-64.218,252.85,0
